収集日時,事業者,本文,判定
2026-06-22 12:40:56,東京電力,東京電力が500円を割りましたーーー,ネガティブ
2026-06-22 12:40:56,東京電力,東京電力罠かよ！りんさら@vxj_pc11:36,ネガティブ
2026-06-22 12:40:56,東京電力,9501 東京電力 利確 pic.x.com/ZEUEFSvBLF,ニュートラル
2026-06-22 12:40:56,東京電力,東京電力HDも買い。カズMETAL01@kazumetal019:49,ニュートラル
2026-06-22 12:40:56,東京電力,東京電力ワンコイン価格に。。株 WAL@walker86kabu9:27,ニュートラル
2026-06-22 12:40:56,東京電力,日本トムソン ファナック ナブテスコ 東京電力 パワーエックス 本日買い😅,ニュートラル
2026-06-22 12:40:56,東京電力,東京電力 500円以下 買い ナブテスコ 5500円台 買い まだ指値中😅,ニュートラル
2026-06-22 12:40:56,東京電力,東京電力なんで下がってんのかな。 pic.x.com/pIkxqe3ggj,ネガティブ
2026-06-22 12:40:56,東京電力,東京電力 1兆円まで戻すんでしょ？ pic.x.com/76dtVhf6il,ニュートラル
2026-06-22 12:40:56,東京電力,週末のニュースで、今日地合い悪･･･くないんだ😲 落ちるナイフの東京電力入ってみた！,ネガティブ
2026-06-22 12:40:56,東京電力,東京電力 pic.x.com/nXkgTE4qJg x.com/vpakabu/status…,ニュートラル
2026-06-22 12:40:56,東京電力,東電の株価は360円を目指してるのかな？ それならハゲタカに買ってもらって上場廃止にしてくれにかな。 #東京電力,ネガティブ
2026-06-22 12:40:56,東京電力,東京電力 年初来安値つけてる。 ニュース出てたけど下がるの??? 他に何かニュースあり??? 🐬🐬🐬 pic.x.com/tGygTp9gLx,ニュートラル
2026-06-22 12:40:56,東京電力,またしても詐欺メールか… 東京電力と契約してないのにな…アホらしい… 毎月の電気代も3千円程度だからな… pic.x.com/fJJ6bV2xaa,ネガティブ
2026-06-22 12:40:56,東京電力,マンジャロとかいうのが流行ってるらしいけど、俺は東京電力の株をお勧めする。 持っとくだけで、食欲無くなるし、お腹下すし、めっちゃおすすめなダイエット！,ポジティブ
2026-06-22 12:40:56,東京電力,朝は東京電力株価501.3円で100株を安く買い戻したけど厳しい状況。例え株価450円まで下がっても、深追いしないで気長に100株を買い戻すだけになりそう。,ネガティブ
2026-06-22 12:40:56,東京電力,東京電力ホールディングスと大和ハウス工業、系統用蓄電所の共同開発に関する業務提携契約を締結(ニュースリリース) prtimes.jp/main/html/rd/p…,ニュートラル
2026-06-22 12:40:56,東京電力,東京電力HD(9501)と大和ハウス(1925)が系統用蓄電所の共同開発で提携。2035年までに1GW／4GWhの開発を目指す prtimes.jp/main/html/rd/p…,ポジティブ
2026-06-22 12:40:56,東京電力,① 任天堂・三井金属・良品計画・トヨタ自動車など、業界を代表する銘柄は長期保有が基本です。 ② 東京電力・サンリオ・三菱UFJのような安定成長銘柄は、頻繁に売買する必要はありません。,ポジティブ
2026-06-22 12:40:56,東京電力,【東京】東京電力リニューアブルパワー 安曇発電所5号機(10.3万kW、混合揚水式水力) <新規>計画停止(設備故障)、今日11:00から 11:06現在、復旧予定日：本日 停止原因：入口弁不具合調査,ニュートラル
2026-06-22 12:40:56,東京電力,東京電力、資本提携報道出たし急騰は無いにしても少しは上がるのを期待しただけに急落はかなりしんどい…、アストロスケールとQPSが上げてくれてるからまだ拠り所あるかな。暴落前に戻るには時間かかりそうやなー。,ネガティブ
2026-06-22 12:40:56,東京電力,東京電力はひたすら買い。頭おかしい空売り機関が好材料出たら振るい落としで無理やり下げる。最終的に資本提携で株価爆上げが約束されてる。候補はJIP以外は4/5が大当たり。年末までに決着がついて株価1000円を超える見込みなのだ😸,ポジティブ
2026-06-22 12:40:56,東京電力,トヨタ HONDA ヤマハ発動機 小糸製作所 ハイデイ日高 サイゼリヤ 三菱商事 サンゲツ ジャックス 三菱HCキャピタル 商船三井 日本航空 ANA 地下鉄 東京電力 吉野家 富士紡 積水化学工業 まだまだあるけど、もういいわ😤,ポジティブ
2026-06-22 12:40:56,東京電力,『東京電力HDは、データセンターの排熱で電気を作る「新しい火の発明」に挑む。ITインフラ企業のさくらインターネットは、再生可能エネルギーを用いた「CO2排出量ゼロのデータセンター」を掲げている』 share.google/LXDIGyVjhCBHgT…,ポジティブ
2026-06-22 12:40:56,東京電力,東京電力からスマートメーター付けないなら、4万円払え‼️と通知がきた。すごいね、人件費は会社で負担だろうに。顧客負担にするようだ！また、パートの仕事が無くなるね。だからと言って安くなるわけでもなく、ソーラー発電分の負担金が何故か増えてるしそれも顧客負担‼️,ネガティブ
2026-06-22 12:40:56,東京電力,【東京電力】が資本提携を進めている候補の5陣営に「KKR」「ブラックストーン」「ブラックロック」が入っているの、かなりまずくないか。 どれもこれもパレスチナ人への虐殺・占領加担によるボイコット・投資撤退対象企業ですよ。 x.com/nhk_news/statu…,ネガティブ
2026-06-22 12:40:56,東京電力,東京電力HD、酷いなここは🤣 昨年から長期長期って言われながらも、これだけ低空飛行ばかりなら流石に機会損失過ぎるでしょ😂 誰ですか？買い煽ってた害悪は🤣 自称インフルですか？🤣 私はこの銘柄をデイトレかスイングくらいしかした事ない。 pic.x.com/jMo24hg5yr,ネガティブ
2026-06-22 12:40:56,東京電力,希望の牧場は動物愛護団体や観光牧場でもありません。また被曝肉牛約１４０頭は家族でありません。あまりに多すぎて仲間、友達と云う意識です。牧場の牛飼いは数百頭の牛を世話しながら命を見極め、原発爆発事故の原因責任者の国と東京電力を許してならない。サヨナラ浪江町になった怨念を忘れない。,ネガティブ
2026-06-22 12:40:56,東京電力,東京電力の国有化からの脱却 株式化をする。 これは正に郵便局の二の舞。 無能な投資家を喜ばせるだけで、実際には外資に乗っ取られる可能性が増えるだけだ。 最終的には郵パックのように委託業者依頼により値段が上がる事が予想される。 要は国民には ・料金が上がる ・外資が入る リスクがあるだけ💢,ネガティブ
2026-06-22 12:40:56,東京電力,送配電:東京電力 (9501) ↓ 資源： 住友金属矿业 (5713) ↓ そして今、また見つけました。 キオクシアがまだ注目される前を思わせる、 超低位の半導体株です。 優良株や低位株の情報を学びたい方に向けて、無料でシェアしています 興味のある方は、いいねで応援してもらえると嬉しいです。,ポジティブ
2026-06-22 12:40:56,東京電力,昨日と今日の詐欺メール。 ﾌｧﾐﾘｰﾏｰﾄ 1件、Netflix 7件、Amazon 12件、dﾎﾟｲﾝﾄｸﾗﾌﾞ 4件、偽ﾌﾞﾗﾝﾄﾞ販売 3件、東京電力 3件、TEPCO 3件、東京ガス 7件、ﾕﾆｸﾛ 6件、Apple 1件、ﾒﾙｶﾘ 3件、LINEﾔﾌｰ 1件。久しぶりにたくさん来た。,ニュートラル
2026-06-22 12:40:56,東京電力,9:15時点で寄り底の銘柄 りそなHD KOA 日本マイクロニクス ミネベアミツミ 不二越 タツモ 日本高純度化学 CIJ トリケミカル研究所 KLab ファーマフーズ 東京エレクトロンデバイス タスキHD 9:15時点で寄り天の銘柄 北海道電力 四国電力 東京電力 松井証券 ワコム 東京エネシス,ニュートラル
2026-06-22 12:40:56,東京電力,【大熊町、立ち入り規制一部緩和 避難解除に向け初】 東京電力福島第1原発事故による福島県大熊町の帰還困難区域で、帰還意向がある住民の家屋や周辺などに設定された「特定帰還居住区域」について、町は22日、避難指示解除に向け、一部地域の立ち入り規制を緩和した。47news.jp/14505166.html,ニュートラル
2026-06-22 12:40:56,東京電力,返信先:@SonohennoKuma「ヒロシマ」や「ナガサキ」と我々が表記する時、それは単なる地名ではなく、都市への原爆投下という人類史に残る悲劇あるいは愚行を指す言葉なんですね。 引用元の引用元のポストは、日本政府や東京電力による原発の建設を原爆の投下と同列の愚行として批判しているわけです。アホでしょうか。,ネガティブ
2026-06-22 12:40:56,東京電力,福島・浜通りをデータセンターの「聖地」にするつもり？ 国が補助金、原発押しつけと同じ構図に住民は複雑：東京新聞 東日本大震災と東京電力福島第1原発事故に見舞われた福島県の浜通り地域で、生成人工知能（AI）などのデータの情報処理を担うデータセンターの建設が tokyo-np.co.jp/article/496469,ニュートラル
2026-06-22 12:40:56,東京電力,桂里奈さんは東日本大震災の時東京電力で福島第一原子力発電所に勤務していて当時のことを折に触れて発信されてるんだけどそのエピソードが、人としてもあたたかくて真面目で誠実で本当に素敵な人だなという印象を持った サッカーの話題にも上から目線で話さないから気が付かれないんだろうな x.com/njsupercar/sta…,ポジティブ
2026-06-22 12:40:56,東京電力,昨日の日曜日の夜。お客様の工場から停電のメールが来て、東京電力側の停電だろうと思い、様子を見ていたが、なかなか復旧しないので、社長に連絡して、工場まで点検に行きました。停電は、工場だけで、色々確認して、悪いところが無いので、再度キュービクルの中を見て回ったら、隅っこにヤモリの死骸 pic.x.com/LUnLjGb4uc,ネガティブ
2026-06-22 12:40:56,東京電力,『電力サービス事務局』って何やねんっ！？ 東京電力とか関西電力とかの各地に点在する電力会社を束ねる総大将かっ！？ …って言うか『電力サービス事務局』名義でメール寄越してきながら最後に『電力料金サポートセンター』て全く違う組織名になっとるやんけっ！？ アホでもアホなりに最後まで貫けやw pic.x.com/vq1BBclNgo,ネガティブ
2026-06-22 12:40:56,東京電力,"前引け 週末後場 村田製作所 買 5,402円 売 11,720円 手仕舞い 8,000円代調整あれば再エントリー検討 三井タイタニック🚢 売り継続 日足国境内ふたたび跨ぐ 日立🌲 新規エントリー 東京電力 trade exercise 用のオモチャ pic.x.com/Rv5R0WjUeE x.com/bakabonnawazo/…",ニュートラル
2026-06-22 12:40:56,東京電力,"6月に注目すべき日本株5選 悪いことは言わない。 1.JX金属（5016）→4,930円 2.住友化学（4005）→465円 3.岡本硝子（7746）→723円 4.東京電力（9501）→402円 5.川崎汽船（9107）→2,255円 次の注目銘柄の情報も整理しました。 現在株価：710円→目標株価：8,102円🚀 時間が全てを証明します。",ニュートラル
2026-06-22 12:40:56,東京電力,"日経平均「朝安後に切り返し 一時+621円高」 2026年に、最速で「1,000万円」を作りたいなら、発想を変えろ 東京電力（9501）→590円付近で必買い 任天堂（7974）→10,150円 必ず買い サンリオ（8136）→4,730円 必ず買い 菊池製作所（3444）→945円 必ず買い 三菱ＵＦＪ（8306）→2,680円 必ず買い pic.x.com/vurhUBRCCO",ポジティブ
2026-06-22 12:40:56,東京電力,東電でいくら損してるんだ。（泣）,ネガティブ
2026-06-22 12:40:56,東京電力,今日は東電で損をした。 痺れた⚡️,ネガティブ
2026-06-22 12:40:56,東京電力,東電のPTSなんやったん(?_?),ネガティブ
2026-06-22 12:40:56,東京電力,東電イナゴ全滅か。 お疲れ様でした。,ネガティブ
2026-06-22 12:40:56,東京電力,やはりインフラを外資に渡すとかなあ東電,ネガティブ
2026-06-22 12:40:56,東京電力,東電の買ったタイミング完全にミスってる。センスないわ,ネガティブ
2026-06-22 12:40:56,東京電力,東電もクソほど売られてんねカタギリ@toshinukko34秒前,ネガティブ
2026-06-22 12:40:56,東京電力,東電下で関電横良いねカブカサンビーム@bonpukusa11:29,ポジティブ
2026-06-22 12:40:56,東京電力,返信先:@9x3Kumiおすすめされた東電、えらいことになってますが。,ポジティブ
2026-06-22 12:40:56,東京電力,東電 -4.5% 東電のニュースでPTSJCする人って毎回負けてよなw,ネガティブ
2026-06-22 12:40:56,東京電力,東電500円切ったしぼちぼち監視したい トレンドも需給もまだ下目線っぽいけど,ニュートラル
2026-06-22 12:40:56,東京電力,返信先:@riorio1412自分は東電めっちゃ下げてるから資産減りまくりです😭,ネガティブ
2026-06-22 12:40:56,東京電力,東電高値から10%下げかよ長期投資家Risu@XtearsKurenai11:32,ニュートラル
2026-06-22 12:40:56,東京電力,しにた、東電とNTTでマイナスYURIO｜社内SE×投資ログ@yurio_ssan9分前,ネガティブ
2026-06-22 12:40:56,東京電力,3分足においては次にパラ転したら仮線引きか。 東電 pic.x.com/yUOaydPL0Y,ニュートラル
2026-06-22 12:40:56,東京電力,返信先:@fukunagakatsuya自分は東電めっちゃ下げてるので、資産めっちゃ減ってます😭,ネガティブ
2026-06-22 12:40:56,東京電力,返信先:@kktkkkktkkメタプラ、海帆、東電、シャープとハズレをたくさん引いてなかなか厳しい状態です😟,ネガティブ
2026-06-22 12:40:56,東京電力,東電の株価は360円を目指してるのかな？ それならハゲタカに買ってもらって上場廃止にしてくれにかな。 #東京電力,ネガティブ
2026-06-22 12:40:56,東京電力,返信先:@mayuyun___yunおはよう🤗 電柱とか鉄塔に巣作りしてたのなら東電に電話すれば撤去してくれるよ。,ニュートラル
2026-06-22 12:40:56,東京電力,返信先:@BloombergJapan東電は出資の件で下がってそうですね🤔 x.com/invester_inu/s…,ニュートラル
2026-06-22 12:40:56,東京電力,東電HDと大和ハウス、系統用蓄電所の共同開発で業務提携 kensetsunews.com/sokuho/1249265,ニュートラル
2026-06-22 12:40:56,東京電力,東電pts 上がってたよね(;´д｀) 寄で買ったから−6% まったく面白くない 持ち株ほぼ下げ バリューばっかりで辛い…,ネガティブ
2026-06-22 12:40:56,東京電力,本日の前場 ＋0.9万 東電売◯、利確を我慢して大きく取れた。デイエヌ売✕、含み損状態から戻ったところで損切。やむなし。OLCをスイングで仕込む,ポジティブ
2026-06-22 12:40:56,東京電力,従量電灯Bへの切替手続き終わったけど全部電話口での手続きな上に新電力プランをしつこく薦められて、やっぱ東電側も規制料金で契約されるのは嫌なんだろうな,ネガティブ
2026-06-22 12:40:56,東京電力,半導体、ＡＩなしで、ＮＥＣ、富士通、ＮＴＴ、ＡＮＡＰ、東電、東京ガス、イオン、アンジェス、ＳＤＳなど持っていたら、日経平均３万５０００円の肌感覚かと。,ニュートラル
2026-06-22 12:40:56,東京電力,東電、年安。このまま400割れまで行くのか？提携候補に不安しかないしな。言い方は悪いが、もっとまともな候補はいなかったのか？投資会社ではなく事業体として相乗効果が欲しかったと思うのは私だけか？しらんけど。,ネガティブ
2026-06-22 12:40:56,東京電力,柏崎刈羽原発「安全対策を確認」 監視チーム長の官房副長官が初視察 asahi.com/articles/ASV6P… 佐藤官房副長官：「安全を守っていこうとする一体感を直接感じることができた」と東電の取り組みを評価した,ポジティブ
2026-06-22 12:40:56,東京電力,返信先:@kyodo_official高い意識を持って業務にあたるのは当然、前提の話であって、それでもなお事故や不祥事が多発しているという点を鑑みれば東電あるいはこの国は原発を扱う能力が欠如しているという結論になるのでは？,ネガティブ
2026-06-22 12:40:56,東京電力,【7日後開催】 #右デモ #脱原発 『6.29右から考える脱原発デモ』 日時：6月29日(月) 18:45集合/19:00出発 集合場所：京橋プラザ区民館横 経路：京橋プラザ→数寄屋橋→東電前→中電支社→関電支社→経産省→新橋SL広場→桜田公園 blog.livedoor.jp/migidemo/archi…,ニュートラル
2026-06-22 12:40:56,東京電力,なでしこのワールドカップ優勝が15年前、中高生以下は知らないかもしれないけど、マルカリさんは優勝チームのFWかつ本波さんと結婚したレジェンドですよ 前に飛行機が東電マリーゼと同便で彼女が前にいて、サッカーが好きで…という話になったらがっつりこっちを向いて話してくださったという記憶 x.com/njsupercar/sta…,ニュートラル
2026-06-22 12:40:56,東京電力,TEPCOのチャットサポートがイルカくん以下問題,ネガティブ
2026-06-22 12:40:56,東京電力,くらしTEPCOを見て安心してエアコンを使える毎日,ポジティブ
2026-06-22 12:40:56,東京電力,tepcoどうなるんでしょうね。 行く先に興味津々。,ニュートラル
2026-06-22 12:40:56,東京電力,"TEPCO,下げ止まらん・・・ｄ(＊･ω･)ﾄﾞｷﾄﾞｷ",ネガティブ
2026-06-22 12:40:56,東京電力,"TEPCO,マイ転してる・・・ｄ(＊･ω･)ﾄﾞｷﾄﾞｷ",ネガティブ
2026-06-22 12:40:56,東京電力,"TEPCO,５００円割れてた・・・ｄ(＊･ω･)ﾄﾞｷﾄﾞｷ",ネガティブ
2026-06-22 12:40:56,東京電力,TEPCOの高所作業がサイレン鳴らして爆走していった 電線でも切れたか？,ネガティブ
2026-06-22 12:40:56,東京電力,TEPCOは米国ハゲタカやソフトバンクとの提携は止めて欲しいね🤔 #nhk,ネガティブ
2026-06-22 12:40:56,東京電力,返信先:@trickster0904他1人そうなんですよ、きっと TEPCOとは20年以上前に契約終了してますから,ニュートラル
2026-06-22 12:40:56,東京電力,返信先:@zipbercoconita家電、ものによって高価ですしTEPCOの保証いいですね！有益な情報ありがとうございます！,ポジティブ
2026-06-22 12:40:56,東京電力,返信先:@nhk_newsJALやTEPCOじゃないけど、マジで一回潰さないとダメでしょ。生かさず殺さずのガン細胞みたいに再発するよ。,ネガティブ
2026-06-22 12:40:56,東京電力,🔗TEPCOホームテック株式会社さまの「Smart相談室」導入事例記事はこちら smart-sou.co.jp/case/u6Mkz3fX,ニュートラル
2026-06-22 12:40:56,東京電力,【詐欺メール情報】【TEPCO】【期限間近】お急ぎください：ポイント交換のお願い #フィッシング詐欺 #迷惑メール pic.x.com/ZoiiuZl77p,ネガティブ
2026-06-22 12:40:56,東京電力,キャ〜💦どうしよう💦 供給停止されちゃうっ😱💦 …なにが？ TEPCOだから…電気？ いつもよりだいぶ安いけどいいのかな？🙄 pic.x.com/9FI29q5vTH,ネガティブ
2026-06-22 12:40:56,東京電力,【詐欺メール情報】【TEPCO】ポイント残高で交換できるアイテムのご案内 — 失効前にご確認ください #フィッシング詐欺 #迷惑メール pic.x.com/PdxlhcSUbW,ニュートラル
2026-06-22 12:40:56,東京電力,ドットマネーが使えないので、TEPCOのポイントが交換出来ない(´・ω・｀) 20日ウエルシアの日にP&G30%還元を利用して、洗剤買おうと思ってたのに :(っ`ω´c):ｸﾞﾇﾇ,ネガティブ
2026-06-22 12:40:56,東京電力,「時をかける少女」の主題歌を歌ってた奥華子さん、もう50手前なんだな。ちょっとびっくりだけど、そらそうか。時をかける少女の公開が2006年で20年前。「TEPCOひかり」は2004年だ笑,ニュートラル
2026-06-22 12:40:56,東京電力,返信先:@cavecane000東京電力の暮らしtepcoの家電保険はライフファックスなのでググってみてください！ 購入後10年以内の家電の通常使用による故障が保証対象になります！ いつでも入れる,ニュートラル
2026-06-22 12:40:56,東京電力,最初のTEPCOっぽい画面で「次へ」をクリックすると、本人確認もなんもなく、いきなりカード情報の入力を求めてきます。完全に #詐欺 です本当にありがとうございました pic.x.com/JYC2s5Qe57,ネガティブ
2026-06-22 12:40:56,東京電力,返信先:@fraisstオプトアウトのアンケート、TEPCOから届きました。 現在、オプトアウトしている人の傾向を探りたい感じなんですかね。 オンラインで1点質問するだけなのに封書の案内・・・。 コスト考えてねぇなぁ。,ニュートラル
2026-06-22 12:40:56,東京電力,スパムメール、ユニクロとNetflixからのが新着トレンドかしら？ 相変わらず第一生命と三井住友、ファミマ、ANA、TEPCO、東京ガス、謎の配送センター、iCloud、謎のブランド？ショップ、ETC、セブンイレブン…お腹一杯す,ネガティブ
2026-06-22 12:40:56,東京電力,マルカリさん、彼女はTEPCOマリーゼのエースストライカーで震災当時は(東電社員でありながら)被災者に寄り添う活動もしてました ちなみに今は浪速のイタリアンこと本並健治さんとラブラブです x.com/NJSUPERCAR/sta…,ニュートラル
2026-06-22 12:40:56,東京電力,返信先:@TY752VB3DA何年式のエアコンよ 10年以内ならTEPCOの家電補償調べて入ってみな 購入から10年は遡って補償だから すぐには免責期間あるので使えないけどその間我慢して、免責期間超えたら最近壊れたと申請すればいい,ネガティブ
2026-06-22 12:40:56,東京電力,TEPCO「未交換ポイント最終通告」は詐欺。誘導先は13年前に登録され3日前に更新された休眠ドメイン。Cloudflareと香港サーバーの二段構えでした。 ymg.nagoya/tepco-point-sa… #TEPCO詐欺 #フィッシング詐欺,ネガティブ
2026-06-22 12:40:56,東京電力,最初の画面で表示される電気料金とか安すぎますし、供給拠点特定番号も違いますし、そもそも「うちは #TEPCO と契約していない」ので、ありえないわけですが、まあ、こういう #フィッシングSMS でも #詐欺 に引っかかるヒトがいるってことなのでしょうね😨,ネガティブ
2026-06-22 12:40:56,東京電力,本日７例目はTEPCO東京電力の嘘サイト、一連のサイト全て電話番号認証式ですね。全て同じ詐欺グループなのではと・・思ってしまいますねもしかして図星！ #mixi_diary mixi.jp/view_diary.pl?… pic.x.com/1O86xPMBzW,ネガティブ
2026-06-22 12:40:56,東京電力,東京ガス「パッチョポイント有効期限」も詐欺。送信元は実はGoogle Cloud、誘導先は2018〜19年登録の休眠ドメインを3日前に使い回し。TEPCOと同じ手口でした。 ymg.nagoya/tokyogas-patch… #東京ガス詐欺 #フィッシング詐欺,ネガティブ
2026-06-22 12:40:56,東京電力,本日１例目はTEPCO東京電力のウソサイト、ポイントが失効とかプレゼント期限とか登録してないメルアドに送られてきた場合は全部フィッシング詐欺で間違いない。 #mixi_diary mixi.jp/view_diary.pl?… pic.x.com/YnjVnuZUTu,ネガティブ
2026-06-22 12:40:56,東京電力,TEPCOでご契約してる家の契約について色々やるためにチャットAI使ったんたけど 最後の質問に答え方が間違えてたらしくAIからの返答がなく もう一度解答したら死んでて0からになったんだけど チャットAIとか言いつつただのBOTだなと、、、 まともに使えるAIください、@tepcoep,ネガティブ
2026-06-22 12:40:56,東京電力,本日６例目は東京電力TEPCOの嘘サイト、ここも先日から連続報告ですね。ここのところ同じ嘘サイトの連続報告増えてます、まあURL見ればフィッシング詐欺だとすぐわかりますよね #mixi_diary mixi.jp/view_diary.pl?… pic.x.com/SBE4AHWken,ネガティブ
2026-06-22 12:40:56,東京電力,昨日と今日の詐欺メール。 ﾌｧﾐﾘｰﾏｰﾄ 1件、Netflix 7件、Amazon 12件、dﾎﾟｲﾝﾄｸﾗﾌﾞ 4件、偽ﾌﾞﾗﾝﾄﾞ販売 3件、東京電力 3件、TEPCO 3件、東京ガス 7件、ﾕﾆｸﾛ 6件、Apple 1件、ﾒﾙｶﾘ 3件、LINEﾔﾌｰ 1件。久しぶりにたくさん来た。,ニュートラル
2026-06-22 12:40:56,東京電力,大きさが変わるのかー 昔、普段150～160cmそこそこだったTEPCOマリーゼのマリちゃんが、1回だけNHK福島の男性アナより頭ひとつ大きくなってビックリしたの思い出した 体感、アンドレ・ザ・ジャイアントだったw 大きさって大事よねー（中の人含めてね） x.com/kagoshimaufc/s…,ネガティブ
2026-06-22 12:40:56,東京電力,"#本日の風景（令和８年６月21日） 東京電力パワーグリッド新岡部変電所（埼玉県深谷市） Today’s Scenery (21 June 2026) TEPCO Power Grid Shin-Okabe Substation (Fukaya, Saitama) pic.x.com/NDXtWTN3AD",ニュートラル
2026-06-22 12:40:56,東京電力,組織が大きくなると、かつての阿吽の呼吸に頼る運営は難しくなりがちです。 TEPCOホームテック株式会社さまでは組織拡大の節目に、心理的安全性への先行投資を決断されました。 社内1on1と社外の専門窓口の両輪で、周囲の目を気にせず本音で話せる自律的な職場環境を築かれています🤝 pic.x.com/7el5IH6YBC,ニュートラル
2026-06-22 12:40:56,東京電力,博士人材向けの採用情報です。 ▽東京電力ホールディングス tepco-recruit.jp ◎インターンシップ TEPCOオープンカンパニー 開催日程：7～8月 応募期間：～6/21 i-note.jp/tepco/event/in… #博士を活かせ_北大 #インターンシップ #28卒 #新卒採用 #就活 #求人情報,ニュートラル
2026-06-22 12:40:56,東京電力,PCV内部調査について @tepco TEPCO｜燃料デブリ ポータルサイト 東京電力— 3号機の原子炉建屋を透過する宇宙線ミュオンを測定し、レントゲン写真のように炉心や原子炉圧力容器底部の燃料デブリを撮影しました #fukunp #東京電力福島第一原子力発電所 #ドローン #デブリス #ymd20260621 #greenpost,ニュートラル
2026-06-22 12:40:56,東京電力,"科学が分かった 原子炉圧力容器の穴 底部に開いた穴の撮影に成功 内部の３次元地図作成も推進 June 20, 2026 中部経済新聞 chukei-news.co.jp/news/2026/06/2… <TEPCO endless game お金と年月いったい どれだけ/いつまで東電に 石棺化なら全部済んでた 東京電力福島第１原発３号機の原子炉圧力容器底部付近>",ニュートラル
2026-06-22 12:40:56,東京電力,東京電力を騙るフィッシングメールを確認しました。 件名：【TEPCO】夏本番前に — くらしTEPCOポイントでエアコン清掃割引のご案内 フィッシングサイト： login.huayishafa[.]com/?gzDlRJL9vJ7OythOBKfQCmRB login.zhanhongty888[.]com/home 「おすすめ交換先を見る」から電話番号入力画面に遷移 pic.x.com/1JOEb2QfWJ,ニュートラル
2026-06-22 12:40:56,東京電力,"東電がどんな資本提携するんかな TEPCO eyes capital tie-up with five groups including SoftBank asia.nikkei.com/business/energ… これと Blackstone, SoftBank express interest in TEPCO capital tie-up asia.nikkei.com/business/busin…",ニュートラル
2026-06-22 12:40:56,東京電力,『TEPCO EAT TO RECHARGE』 📻radiko.jp/share/?sid=FMJ… #ゴスペラーズ の #黒沢薫 さん登場🎤 NEW EP『UNIVER5OUL』から 新曲「UNItVERSE」を初オンエアしました✨ 元気をチャージしたい時の一皿 カレーライスについても！🍛 全国ツアー先で出会ったお気に入りのカレーとは？ #jwave #tokyounited pic.x.com/9midnxMyFv,ポジティブ
2026-06-22 12:40:56,東京電力,テプコ・ソリューション・アドバンス@TEPCO_SA,ニュートラル
2026-06-22 12:40:56,東京電力,返信先:@GMO_Signテプコって東京電力では？💡ﾋﾟｶｯ,ニュートラル
2026-06-22 12:40:56,東京電力,返信先:@ap1monotoneテプコの10年保証に入ればいい,ニュートラル
2026-06-22 12:40:56,東京電力,昔、大宮ソニックシティの３０階のテプコで遊んだことがある ＞はい いいえ,ニュートラル
2026-06-22 12:40:56,東京電力,テプコのポイント交換しようとしたら、ドットマネーが昨日の昼から緊急メンテだと,ネガティブ
2026-06-22 12:40:56,東京電力,女装NGとのことだけどオメガオテプコスは女性ですか x.com/shadowverse_jp…,ネガティブ
2026-06-22 12:40:56,東京電力,返信先:@kkdoshin9_k2去年夏までは使ってましたが、超過料金が高くてテプコに戻しました。,ネガティブ
2026-06-22 12:40:56,東京電力,テプコ地球館のことは思い出すとなんだかとてもお腹の奥が痒くなる。好きな場所でしたね。千葉みなとが好きだったし,ポジティブ
2026-06-22 12:40:56,東京電力,ポイント交換でテプコンが届いたよ🐰手のひらに収まるサイズで可愛い❣️ pic.x.com/ruk0dxN7UD,ポジティブ
2026-06-22 12:40:56,東京電力,ウインテスト 大幅続落 NFKHD 続落 アビックス 大幅続落 テプコシステムズ 下落調整中 エスポア 大幅反落,ニュートラル
2026-06-22 12:40:56,東京電力,返信先:@TEPCO_SAテプコ・ソリューション・アドバンスさま🌸 応募させて頂きます🥰 素敵なご縁がありますように🌈☘✨,ポジティブ
2026-06-22 12:40:56,東京電力,返信先:@shinamaz_mx5真冬の平日仕事で来ると、テプコ館くらいしか相手にしてくれない場所です 行ったことないけど笑,ネガティブ
2026-06-22 12:40:56,東京電力,返信先:@TEPCO_SA知っているようで知らない豆知識、タメになりました！ テプコ・ソリューション・アドバンス様の活動を応援しています。,ポジティブ
2026-06-22 12:40:56,東京電力,テプコ、アクセンチュアとパートナーシップ契約を締結--AIを中心に据えた変革推進へ japan.zdnet.com/article/352484…,ポジティブ
2026-06-22 12:40:56,東京電力,返信先:@TEPCO_SA東京電力グループのテプコ・ソリューション・アドバンスさん情報発信待ってます！ ブレーカーの正式名称って「分電盤」なのね！🍙,ニュートラル
2026-06-22 12:40:56,東京電力,返信先:@TEPCO_SAテプコ・ソリューション・アドバンスさんの電気の情報発信待ってます！ブレーカーの正式名称知れました！🔥 これからもよろしくね！⚡,ポジティブ
2026-06-22 12:40:56,東京電力,テプコ・ソリューション・アドバンス、AIを中心に据えた変革推進に向け、アクセンチュアとパートナーシップ契約を締結 prtimes.jp/main/html/rd/p…,ポジティブ
2026-06-22 12:40:56,東京電力,東京電力グループのテプコ・ソリューション・アドバンスさん情報発信待ってます！ ブレーカーの正式名称って「分電盤」なのね！🍙 x.com/TEPCO_SA/statu…,ポジティブ
2026-06-22 12:40:56,東京電力,テプコ・ソリューション・アドバンスさんの電気の情報発信待ってます！ブレーカーの正式名称知れました！🔥 これからもよろしくね！⚡ x.com/TEPCO_SA/statu…,ポジティブ
2026-06-22 12:40:56,東京電力,アスエネ、東京電力グループ テプコカスタマーサービスのEMS「アットエナジー」を運営受託。機能拡張に向け「ASUEN... prtimes.jp/main/html/rd/p…,ポジティブ
2026-06-22 12:40:56,東京電力,返信先:@TEPCO_SA分電盤の取り替えもお願いできる♡ 東京電力グループのテプコ・ソリューション・アドバンス様 記事も拝見して電気の大切さを再認識 注意点を勉強させていただきます⚡️,ポジティブ
2026-06-22 12:40:56,東京電力,返信先:@TEPCO_SAテプコ・ソリューション・アドバンス様 フォロー＆リポスト完了しました✅ 暮らしを守る大切な電気の情報 これからも𝑪𝒉𝒆𝒄𝒌させていただきます(* ᴗ͈ˬᴗ͈)⁾,ポジティブ
2026-06-22 12:40:56,東京電力,＞テプコ・ソリューション・アドバンス、AIを中心に据えた変革推進に向け アクセンチュアとパートナーシップ契約を締結 newsroom.accenture.jp/jp/news/2026/t…,ポジティブ
2026-06-22 12:40:56,東京電力,"""テプコ、アクセンチュアとパートナーシップ契約を締結--AIを中心に据えた変革推進へ"" - ZDNET Japan #SmartNews l.smartnews.com/m-7RddARZ7/Sc0…",ポジティブ
2026-06-22 12:40:56,東京電力,テプコ、アクセンチュアとパートナーシップ契約を締結--AIを中心に据えた変革推進へ - ZDNET Japan japan.zdnet.com/article/352484… @zdnet_japanより,ポジティブ
2026-06-22 12:40:56,東京電力,返信先:@TEPCO_SAテプコ・ソリューション・アドバンスさん、こんにちは～ 分電盤、そういえば主人が言ってましたね🤔💡 めったにパチンパチンしませんが、子供のころは台風のたびに下げて戻してしてた思い出です,ニュートラル
2026-06-22 12:40:56,東京電力,返信先:@TEPCO_SA🪞🤍 テプコ・ソリューション・アドバンス 様 「分電盤」はじめて聞きました。ブレーカーは分かります🥹 フォローRPで参加させて頂きます。 ご縁を頂けましたら、御礼の投稿をさせて下さい。 🪞🤍,ポジティブ
2026-06-22 12:40:56,東京電力,東京電力グループの受託業務を担うテプコ・ソリューション・アドバンスとアクセンチュアが、AIをはじめとする最新テクノロジーの活用を前提とした業務運営へと変革することを目的に、5年間の変革パートナーシップ契約を締結。 pic.x.com/tHY110J8NP,ニュートラル
2026-06-22 12:40:56,東京電力,返信先:@TEPCO_SAテプコ・ソリューション・アドバンス様𓂃⟡.· 素敵なキャンペーンありがとうございます.ᐟ💐 応募させて頂きます५✍🏻𓂃⟡.· ご縁を頂けましたら、 写真付き📷で丁寧に報告させて頂きます⟡͈ よろしくお願い致します🙇🏻‍♀️💗.ᐟ.ᐟ,ポジティブ
2026-06-22 12:40:56,東京電力,【プレスリリース】テプコ・ソリューション・アドバンスはAIを中心に据えた変革推進に向け、アクセンチュアとパートナーシップ契約を締結しました。 詳細はこちら▶ tepco-sa.co.jp/ssl/images/new… pic.x.com/Dfr80ut5GG,ポジティブ
2026-06-22 12:40:56,東京電力,返信先:@TEPCO_SA🌟住まいの安心を守ってくれるテプコ・ソリューション・アドバンスさん、いつもありがとうございます！🏡💡 QUOカードPayのプレゼントも嬉しいです🎁 応募してワクワクしながら待っています！ これからも、住まいの安全サポート応援しています📣💖,ポジティブ
2026-06-22 12:40:56,東京電力,返信先:@TEPCO_SAテプコ・ソリューション・アドバンス様•*¨*•.¸♬︎ 素敵な豪華キャンペーンありがとうございます𓆉𓈒 𓂂𓏸♡🐢💚 当選の際には写真付きで 心を込めてご報告をさせて頂きます📷🌈✨🎶🌸🎶✨ 宜しくお願い致します꒰ ᐡᴗ͈ ·̫ ᴗ͈ ꒱ ◝✩,ポジティブ
2026-06-22 12:40:56,東京電力,両者に実のある素晴らしいプロジェクト、着実に推進していきます。 アスエネ、東京電力グループ テプコカスタマーサービスのEMS「アットエナジー」を運営受託。機能拡張に向け「ASUENE」を用いたホワイトラベルを提供 prtimes.jp/main/html/rd/p…,ポジティブ
2026-06-22 12:40:56,東京電力,アスエネは、東京電力グループ テプコカスタマーサービス株式会社と協業し、エネルギーマネジメントサービス「アットエナジー」の基盤強化と機能拡張を推進します🤝 「ASUENE」を用いたホワイトラベルを提供し、「アットエナジー powered by ASUENE」へ順次移行します💡,ポジティブ
2026-06-22 12:40:56,東京電力,アスエネは、東京電力グループ テプコカスタマーサービス株式会社と協業🤝 電力使用量管理や省エネルギー法対応に加え、CO2排出量算定機能の拡張、AI活用によるデータ入力効率化、API連携の強化を進め、企業の省エネ・脱炭素対応を後押しします 🌱 x.com/asuene_inc_/st…,ポジティブ
2026-06-22 12:40:56,東京電力,"[PR] ▼案件 【高速インターネット光回線】TEPCOひかり（テプコ… ▼サイト ポイントタウン ▼還元 ★8,000円★が還元される ボーナスとして、プロフのリンクで新規登録すると 【2,000円】Get※条件クリア要 招待コード→ zqjgUgWRTNUUL 気付いた時には終わってる系",ニュートラル
2026-06-22 12:40:56,東京電力,返信先:@TEPCO_SA東京電力グループのテプコ・ソリューション・アドバンスが、住まいの安心をサポート🏡 ありがとうございます🙏✨ 安心して過ごすことができてとても助かります🥰 分電盤_φ(･_･ 暮らしを守る電気の情報 勉強になります💡✨ 素敵なキャンペーンのご開催ありがとうございます🌼,ポジティブ
2026-06-22 12:40:56,東京電力,／ フォロー＆リポストで当たる🎉 QUOカードPayをプレゼント🎁✨ ＼ 東京電力グループのテプコ・ソリューション・アドバンスが、住まいの安心をサポート🏡 ブレーカーって呼んでいるあの箱、実は「分電盤」といいます💡 📪応募方法 ① @TEPCO_SA をフォロー ②この投稿を6/30 23:59迄にリポスト,ポジティブ
2026-06-22 12:40:56,東京電力,「9501 東京電力ホールディングス」 100％出資子会社のテプコ・リソーシズ社が、保有するカナダのシガーレイク・ウラン鉱山プロジェクトの権益を売却すると発表しております。世界的な中長期のウラン需給見通し及び今後の同社のウラン・・・ 続きはコチラ ales-ia.com/free/contents5… #東京電力 #ウラン,ニュートラル
2026-06-22 12:40:56,関西電力,あんま舐めたことしとんちゃうぞ関西電力,ネガティブ
2026-06-22 12:40:56,関西電力,返信先:@Hasep500関西電力です。,ニュートラル
2026-06-22 12:40:56,関西電力,関西電力。全原発で「減肉」チェックの必要。mainichi.jp/articles/20260…,ニュートラル
2026-06-22 12:40:56,関西電力,返信先:@monzi_214もんじさん おはようございます😃 心は常に関東に🥹笑 大阪ガス、関西電力、エスカレーターは右側などなど🤣,ニュートラル
2026-06-22 12:40:56,関西電力,🔽♪(⁠*⁠´⁠v｀⁠*⁠)💡✨️ #関西電力 さま📺️CM曲♪ でございまぁす！へい！ youtu.be/RBixleWGMzk?si…,ポジティブ
2026-06-22 12:40:56,関西電力,CQBANKの紹介コードです。 よろしければご使用ください。 紹介コード：【speakerf】 #CQ #UI銀行 #きらぼし銀行 #関西電力 #CQBANK,ニュートラル
2026-06-22 12:40:56,関西電力,関西電力の管理の甘さ、福井県が指摘 美浜原発3号機の蒸気漏れ原子炉停止、腐食把握も肉厚測定せず fukuishimbun.co.jp/articles/-/263…,ネガティブ
2026-06-22 12:40:56,関西電力,関西電力グループのポンデテック、ヤンマークレジットサービス、ヤンマーシンビオシスが、使用済みPCの再生を通じ... prtimes.jp/main/html/rd/p…,ニュートラル
2026-06-22 12:40:56,関西電力,返信先:@kikainogorira関西電力羨ましスギぃ.......。ほんとに何にも勉強してないままで出てくる私文が大体数やからあんまり気にすることもないと思います‼️,ポジティブ
2026-06-22 12:40:56,関西電力,"上原和明のブログ ""Don't give up"" : 「原発銀座の福井県若狭湾沿いの関西電力の原発に反対します」 ueharakazuaki.net/2026/05/blog-p…",ネガティブ
2026-06-22 12:40:56,関西電力,毎日、夫婦合わせて のべ3~4時間くらい #Netflix を利用しています。 関西電力系のeoネットというインターネットサービスのポイントで払っていますので現金支出はゼロです。 大満足。,ポジティブ
2026-06-22 12:40:56,関西電力,関西電力グループのポンデテック、ヤンマークレジットサービス、ヤンマーシンビオシスが、使用済みPCの再生を通じて障がい者雇用とIT資産循環を推進する協業を開始 digigadget.jp/585064/,ポジティブ
2026-06-22 12:40:56,関西電力,関西電力、規制委員会から聞き取りへ 美浜3号機の蒸気漏れ、原子炉を手動停止 県は管理の甘さを指摘 (FBC 福井放送) #Yahooニュース news.yahoo.co.jp/articles/36f3f…,ネガティブ
2026-06-22 12:40:56,関西電力,「東日本大震災関連書籍」の紹介サイト : 『関西電力と原発 』 myougavalley.com/2014/08/blog-p… ←関西電力についてはこんな本が書かれています。本の内容の要約を載せています。,ニュートラル
2026-06-22 12:40:56,関西電力,返信先:@NagashimaYttgmグローバル資本で代表的なのはパナソニックや出光。。。更には大阪市や神戸市は関西電力の筆頭株主で､維新の松井一郎さんも関西電力の筆頭株主で。。。大変ですが頑張って下さい！,ポジティブ
2026-06-22 12:40:56,関西電力,関西電力、規制委員会から聞き取りへ 美浜3号機の蒸気漏れ、原子炉を手動停止 県は管理の甘さを指摘 （FBC 福井放送） - Yahoo!ニュース news.yahoo.co.jp/articles/36f3f…,ネガティブ
2026-06-22 12:40:56,関西電力,「東日本大震災関連書籍」の紹介サイト : 『関西電力「反原発町長」暗殺指令』 myougavalley.com/2014/07/blog-p… ←関西電力についてはこんな本が書かれています。本の内容の要約を載せています。,ニュートラル
2026-06-22 12:40:56,関西電力,⚡️【電力株にグリーン投資拡大】再生可能エネルギー主力電源化の政策、原発再稼働も追い風 関西電力 (9503) が高値圏、原発再稼働による燃料費削減期待 いいね＆フォローで最新株情報を即チェック！ #日本株 #電力 #関西電力 #再エネ,ポジティブ
2026-06-22 12:40:56,関西電力,〈ブログ更新〉 竹中製作所では、本年も関西電力様の「再エネECOプラン」の契約を更新しました✨ 環境負荷低減に向けた取り組みや、CO₂排出量削減への取り組みについてご紹介しています💡 ぜひブログをご覧ください👇 wp.me/pb6Lex-18x,ポジティブ
2026-06-22 12:40:56,関西電力,「東日本大震災関連書籍」の紹介サイト : 「関西電力原発マネースキャンダル」 利権構造が生み出した闇の真相とは myougavalley.com/2022/04/blog-p… ←関西電力についてはこんな本が書かれています。本の内容の要約を載せています。,ニュートラル
2026-06-22 12:40:56,関西電力,2026/06/22（日本時間） 不可解な家屋内停電（5日目 一連の犯罪グループによる犯行疑いから私から試みず警察と関与弁護士、関西電力会社からの接触を待つことにします。） おはようございます。本日も目立つ屋内と外出中の出来事（被害）を随時こちらのスレッドに記録してゆきます。,ネガティブ
2026-06-22 12:40:56,関西電力,関西電力美浜原発3号機の高圧タービンを覆う金属製カバーに穴が開き、蒸気が漏れた問題で、関電は19日、社内調査の結果を原子力規制委員会と福井県に報告した。原因は、高温高圧の蒸気でカバーの内側が腐食して削られたためと推定し、定期検査の際、厚みの減少を適切に把握できなかったとしている。,ネガティブ
2026-06-22 12:40:56,関西電力,⚡ AI時代の電力需要拡大で、電力株が見直され始めています。 🔋 東京電力<9501> 🔋 関西電力<9503> 🔋 中部電力<9502> 🔋 北陸電力<9505> 🔋 電源開発<9513> もっと無料情報が知りたい方は、「88」の合言葉でDMくださいね。 #日本株 #電力株 #AI関連,ニュートラル
2026-06-22 12:40:56,関西電力,戦後、関西電力の集金をやっていた父親が松鶴さんの自宅に行った事があると言っていた 笑福亭鶴瓶、実施27年の人気イベント“打ち切り”を発表 共演者驚き「言っちゃっていいんですか？」（ENCOUNT） - Yahoo!ニュース news.yahoo.co.jp/articles/a656b…,ニュートラル
2026-06-22 12:40:56,関西電力,【27卒｜本選考】明日締切の企業まとめ📝 今出せる企業を一覧でチェック👇 internshipguide.jp/columns/view/s… 6/22（月）〆切 IHI イオンリテール 伊藤忠商事 SMBC日興証券 関西電力 共同通信社 東京ドーム 長瀬産業 日本政策金融公庫（JFC） 日本電気（NEC）,ニュートラル
2026-06-22 12:40:56,関西電力,返信先:@fukuinpmedia＞89）そして、1991年2月に、関西電力の美浜原発で細管が破断した事故は、放射能を直接に大気中や海へ大量に放出した大事故でした。チェルノブイリの事故の時には、私はあまり驚かなかったんですよ。原発を造っていて、そういう事故が必ず起こると分かっていましたから。 ©︎平井憲夫 さん,ネガティブ
2026-06-22 12:40:56,関西電力,関西電力 出来高は終始低水準で推移しており、市場参加者の自信が不足し、増量資金の参入意欲が希薄であることを示している。 こうした出来高の欠如は、現在の価格帯における支持力が不安定であることを露呈しており、この揉み合いは下落トレンドにおける中継ぎの性質をより強く示している。 pic.x.com/L16qwTEwRV,ネガティブ
2026-06-22 12:40:56,関西電力,100万を1億にしたいなら まず口座にあるこの「安全資産」を全部捨てろ NTT → 持つな 関西電力 → 持つな 東京ガス → 持つな 三菱商事 → 持つな 小銭を大きくするには、AI×半導体の交差点にいる、まだ誰も見ていない小型銘柄に張るしかない。たった一つ、そこに賭けろ pic.x.com/eYQWKg8N78,ニュートラル
2026-06-22 12:40:56,関西電力,黒部峡谷鉄道 チ形 現在22両が在籍する長物車。回転柵を備え、通常は2両1組で長尺物の輸送に使用されるほか、コンテナやタンク、ポンプなどを積載した物もある。竪坑エレベーターへの積載に対応しており、上部軌道へ乗り入れ可能な点も特徴である。なお、全車が関西電力の所有となっている。 pic.x.com/ReDbiWd4C1,ニュートラル
2026-06-22 12:40:56,関西電力,#本選考のES通過例 ソニーグループ 任天堂 バンダイ 博報堂 関西電力 サントリー アサヒビール サッポロビール オリックス NTT東日本 日立ソリューションズ NRI アクセンチュア NTTデータ NEC NECネッツエスアイ ベネッセ 阪和興業 吉本興業 三井住友信託銀行 蝶理 サンリオ など #ES添削 #模擬面接,ニュートラル
2026-06-22 12:40:56,関西電力,返信先:@tokyo12channel他1人この時期、「おはようサンシャイン」の枠内になった『街角おはようさん』(日清食品)『ここにこの人』(関西電力)。1976年では、それぞれ単独番組で登校前の朝食中に聴いたのを覚えています🙂 前者は腹話術のにぎやかさ。後者はアナウンサーのたおやかな声で雑音の中、京都の空気を感じました。,ニュートラル
2026-06-22 12:40:56,関西電力,朗報‼️朗報‼️ データセンタールートが変わる👍 冷却が限界突破！AI熱問題で「液浸冷却」需要が爆発 需要爆発→株価急上昇→コストパフォーマンス爆上げ 資金はどこへ向かうか 冷却・液浸：福島小型メーカー 電力：九州電力／関西電力 重電：三菱電機 今年はマジで「億り人量産年」になるかも pic.x.com/XPJc5mnCO4,ポジティブ
2026-06-22 12:40:56,関西電力,『電力サービス事務局』って何やねんっ！？ 東京電力とか関西電力とかの各地に点在する電力会社を束ねる総大将かっ！？ …って言うか『電力サービス事務局』名義でメール寄越してきながら最後に『電力料金サポートセンター』て全く違う組織名になっとるやんけっ！？ アホでもアホなりに最後まで貫けやw pic.x.com/vq1BBclNgo,ネガティブ
2026-06-22 12:40:56,関西電力,🔽へい！へい〜！🎉 ぜひ！お聴き下され！♬ youtu.be/qeIkUOKy77w?si… #関西電力 さま📺️CMソング 🔽🆕配信リリース❗️💡 youtu.be/SKwnDg1Bue8?si… 🔽✨️ステキなこちらもぜひ♪ youtu.be/BfVGceHHnbQ?si… #浜端ヨウヘイ 様 非公式 #ゆるキャラ #朝活🌅,ポジティブ
2026-06-22 12:40:56,関西電力,関西電力京都支社(旧京都電燈本社) 1937(昭和12)年竣工 構造はSRC造8階建で設計は武田五一、構造設計は内藤多仲、そして施工は意外にも錢高組 何となく施工は竹中や大林のイメージがあるが、錢高組は旧大阪市庁舎等も建設している この時代の流行を垣間見る これで一旦京都を終わります #近代建築 pic.x.com/d2iNPcGzpP,ニュートラル
2026-06-22 12:40:56,関西電力,【📅6月出せる大手締め切りじゃ40社】 7月は締め切りかなり減るから6月のうちにどんどんだしてのう ↓↓ 【6/22】SMBC日興証券 【6/22】NEC（技術系） 【6/22】関西電力 【6/22】伊藤忠商事BX職 【6/23】日本生命 【6/23】マイナビ 【6/24】東京ガスネットワーク 【6/24】日本銀行 【6/24】日本IBM pic.x.com/YnNMd4yTYz,ニュートラル
2026-06-22 12:40:56,関西電力,【保有銘柄（評価額が高い順番）】 ・銘柄数：38（内ETF：4） ※損益率プラス銘柄※ 🥇🥈🥉：TOP1~3位 💀：-3%未満 // ☠：-3%超 7775 大研医器☠ 9104 商船三井 1343 NEXT FUNDS REIT INDEX ETF☠ 8729 ソニーFG☠ 9503 関西電力☠ 423A ライオン事務器☠ 4671 ファルコHD💀 6141 DMG森精機🥇 7974,ニュートラル
2026-06-22 12:40:56,関西電力,"6/19終値時点の記録 （銘柄・6/19終値・損益率・6/12終値比） 伯東 4,530 +9.68% ↑ オプティマスG 384 +25.90% ↑ 新明和 2,132 +26.28% ↓ 関西電力 2,325.5 +40.30% ↑ SBIリーシング 2,440 +134.84% ↑ キユーソー流通システム 3,095 +83.40% ±0 エクセディ 5,870 +69.72% ↓",ニュートラル
2026-06-22 12:40:56,関西電力,【28卒】6月中のインターン・イベント締切🌻 ●6/22 ・島津製作所（18:00） ・JR東日本（23:59） ・関西電力（23:59） ●6/23 ・東京海上日動（09:00） ・阪和興業（11:00） ・ファーストリテイリング（12:00） ・博報堂コンサルティング（12:00） ・三井不動産（16:00） ・LDH JAPAN（23:59） pic.x.com/UIjElK2B3r,ニュートラル
2026-06-22 12:40:56,関西電力,東電下で関電横良いねカブカサンビーム@bonpukusa11:29,ポジティブ
2026-06-22 12:40:56,関西電力,今日も元太くん出演の関電不動産開発様の30秒CMありがとうございます #ぽかぽか #松田元太 #関電不動産開発,ポジティブ
2026-06-22 12:40:56,関西電力,そもそも人が感電した時点で機械側にも影響あるからな そういう意味でも関電はするべきでない つまり勉強やり直すべき,ネガティブ
2026-06-22 12:40:56,関西電力,関電、全原発で「減肉」チェックへ 美浜蒸気漏れで誤った判断 mainichi.jp/articles/20260…,ネガティブ
2026-06-22 12:40:56,関西電力,三菱UFJ銀、関電などと蓄電池開発 共同でファンド組成 jutaku-s.com/news/id/000003… #住宅新報,ニュートラル
2026-06-22 12:40:56,関西電力,三菱電機 東急不動産 ジェイホールディングス グリーンエナジー＆カンパニー 東電 関電 x.com/nikkei/status/…,ニュートラル
2026-06-22 12:40:56,関西電力,関電病院の前まで来た。 | ●●の前まで来た∞３６たろうラジオ（日々是京都） ameblo.jp/36taroradio/en… #Amebaブログ #アメブロ,ニュートラル
2026-06-22 12:40:56,関西電力,北アルプスの名物“黒部ダムカレー”が大阪に上陸 - 関電アメニックス ご当地グルメ - ダムカレー - ホテル エルシエント - 北アルプス - 大阪 - 朝食ビュッフェ - 期間限定 - 観光 - 長野県大町市 @elcient,ポジティブ
2026-06-22 12:40:56,関西電力,返信先:@yakotae関電不動産開発のCMってTravis Japanの松田元太くんがひとりで歌って踊ってるのよ😅 こっち来てよく見るローカルCMのひとつ。最後の笑顔がかわいい🥰 youtu.be/9w0_8YHULJk?si…,ポジティブ
2026-06-22 12:40:56,関西電力,昨日午前10時より関電横の神田にて お田植え祭が斎行されました 雨も上がり暑い位の中 赤穂高校・赤穂中学の早乙女が 次々と早苗を植えていきました 秋には豊かな稔りのもと 抜穂祭を執り行います #大石神社 #お田植え祭 #赤穂 pic.x.com/VIBnfxkaut,ポジティブ
2026-06-22 12:40:56,関西電力,🇺🇸🗽🇺🇸🗽🇺🇸🗽🇺🇸🗽🇺🇸🗽🇺🇸🗽🇺🇸 🏙️関電不動産開発CM🏙️ 🏢「街を舞台にショータイム」篇🏢 30秒version 🇺🇸🗽🇺🇸🗽🇺🇸🗽🇺🇸🗽🇺🇸🗽🇺🇸🗽🇺🇸 #関電不動産開発 #TravisJapan🐯 #松田元太 youtu.be/9w0_8YHULJk?si…,ニュートラル
2026-06-22 12:40:56,関西電力,返信先:@luo88761462【竹のカーテン】 ここまで、美化されると笑ってしまう。 そもそも、中共の開国に至るプロセスの一番重要な部分は、 隠蔽である。その為、鎖国状態にして、情報統制を敷いて居た。 今も大して変わらない。国家運営インターネット。 似非インターネットで、日本では関電がｅｏ使ってやって居た。,ネガティブ
2026-06-22 12:40:56,関西電力,【7日後開催】 #右デモ #脱原発 『6.29右から考える脱原発デモ』 日時：6月29日(月) 18:45集合/19:00出発 集合場所：京橋プラザ区民館横 経路：京橋プラザ→数寄屋橋→東電前→中電支社→関電支社→経産省→新橋SL広場→桜田公園 blog.livedoor.jp/migidemo/archi…,ニュートラル
2026-06-22 12:40:56,関西電力,【竹のカーテン】 ここまで、美化されると笑ってしまう。 そもそも、中共の開国に至るプロセスの一番重要な部分は、 隠蔽である。その為、鎖国状態にして、情報統制を敷いて居た。 今も大して変わらない。国家運営インターネット。 似非インターネットで、日本では関電がｅｏ使ってやって居た。 x.com/luo88761462/st…,ネガティブ
2026-06-22 12:40:56,関西電力,／ 関電不動産開発 松田元太のHave a Nice Friday 毎週金曜7:50〜OA📡 ＼ このあと7時50分から #TravisJapan の #松田元太 が #FM大阪 から関西の朝を元気にします👍 メッセージは👨‍💻 fmosaka.futureartist.net/enquete/357905 #radiko は⚡️ radiko.jp/share/?sid=FMO… #げんラジ pic.x.com/dWQhIJcjsn,ポジティブ
2026-06-22 12:40:56,関西電力,返信先:@miyahancomそれKEPCOや！,ニュートラル
2026-06-22 12:40:56,関西電力,返信先:@denki_tukai韓国はKEPCOが送配電・小売を未だ独占しているので、電気代値上げには国の承認が必要なんですよね。 ロシアのウクライナへの侵攻の際は2〜3年で5兆円ぐらい赤字を叩いていたはずです。。,ネガティブ
2026-06-22 12:40:56,中部電力,中部電力ミライタワー ↑世界一理解できん,ネガティブ
2026-06-22 12:40:56,中部電力,返信先:@mugizou5656中部電力ミライタワー,ニュートラル
2026-06-22 12:40:56,中部電力,中部電力やないか x.com/tokei389950/st…,ニュートラル
2026-06-22 12:40:56,中部電力,また会社停電したよね😭😭😭 中部電力頼むよ さいやくわ、本当に,ネガティブ
2026-06-22 12:40:56,中部電力,返信先:@mugizou5656旧テレビ塔 今の中部電力ミライタワー,ニュートラル
2026-06-22 12:40:56,中部電力,中部電力管内 完成済 連系済 3件あります。 ご興味あるところDMください。,ニュートラル
2026-06-22 12:40:56,中部電力,返信先:@mugizou5656中部電力 MIRAI TOWER 久屋大通公園にある電波塔,ニュートラル
2026-06-22 12:40:56,中部電力,今年の株主総会は火曜日焼肉さかいポールディング、水曜日ワシントンホテル、木曜日中部電力に行きます。,ニュートラル
2026-06-22 12:40:56,中部電力,返信先:@MB80101459自分も馴染みがあるのは中部電力の方なので分かります(富士川以西出身者),ニュートラル
2026-06-22 12:40:56,中部電力,やはり中部電力MIRAI TOWERには何かと名古屋に縁がある森久保乃々のスタンプ置きませんか？？？？？？,ニュートラル
2026-06-22 12:40:56,中部電力,小田和正さんご当地のひとつ。 中部電力ミライタワー(テレビ塔)🗼 pic.x.com/05hPXuHbS5,ポジティブ
2026-06-22 12:40:56,中部電力,返信先:@mugizou5656やはりこれは名古屋テレビ塔であって、中部電力MIRAIタワーなる名前は邪道である,ネガティブ
2026-06-22 12:40:56,中部電力,返信先:@mhmk_8561私もこれは名古屋で買いました！😆 あとは「スイスイ」の8cmCD！中部電力のCMソング！非売品！,ポジティブ
2026-06-22 12:40:56,中部電力,中部電力 MIRAI TOWER 久屋大通公園 in 愛知県名古屋市中区丸の内３丁目 pic.x.com/h5hCuA5kan,ニュートラル
2026-06-22 12:40:56,中部電力,中部電力が立地対策に使ってるカネからしたら大井川鉄道井川線の赤字はそこまででもないんだろうなあと。 x.com/Skywave_JP/sta…,ニュートラル
2026-06-22 12:40:56,中部電力,米津玄師の烏のイントロはそこはかとなく漂うjonsiみ animal arithmeticとかgo doとかそのへん 中部電力のCMの曲ほどじゃないけど,ニュートラル
2026-06-22 12:40:56,中部電力,名古屋テレビ塔🗼(現中部電力MIRAI TOWER)ですねぇ～🤭 今と違って、久屋大通の周りがスカスカなのは時代ですかねぇ～😶 x.com/mugizou5656/st…,ポジティブ
2026-06-22 12:40:56,中部電力,ブログ更新しました✏️ 6月の電気代と売電額です💡 梅雨ですが黒字出てます👍 #家系ブログを盛り上げる会 #中部電力 #太陽光発電 jury99.work/2026-june_elec…,ポジティブ
2026-06-22 12:40:56,中部電力,70年の契約というのが引っ掛かるものの、逆に言えば70年は収入ゼロでも井川線を維持しなきゃならない(はず？) 中部電力からすりゃ客が増えれば負担が気持ち減ってラッキーくらいしか考えてなさそうな💸,ネガティブ
2026-06-22 12:40:56,中部電力,【 #カーリング日本選手権 から🥌】 #中部電力 カーリング部の選手たち #石郷岡葉純 #鈴木みのり #中嶋星奈 #松村千秋 #北澤育恵 #カーリング #jcc2026 pic.x.com/Pi8VBuU7fi,ニュートラル
2026-06-22 12:40:56,中部電力,一応観光客の需要はあるっていう（地元に手切れ金払ってまで廃止はしない程度の人数の）輸送実績があるから維持してるだけでそれが無くなれば中部電力からすりゃ一切維持する意味が無いような x.com/JOYO231/status…,ネガティブ
2026-06-22 12:40:56,中部電力,・定期旅客ゼロ=地域輸送の役割は無い（鳥塚理論） ・井川線の赤字は中部電力が負担 ・脱法値上げで「運賃」は変わらない …これつまり中部電力からすりゃ乗客減のぶん赤字が大幅に拡大するわけで x.com/Skywave_JP/sta…,ネガティブ
2026-06-22 12:40:56,中部電力,まだ、旅行商品分も中部電力に上納します、頑張って赤字分を減らしました。ならワカルんですが、上がった分は大鉄が総取りします。で、よく中部電力も黙認したな、というのは、どういう絡繰なのか少し気になる。 x.com/newstool_1966/…,ポジティブ
2026-06-22 12:40:56,中部電力,返信先:@Skywave_JPそれでも、7000円を払って乗りに来てくれる客は少ないと思うけどなぁ… まあ、客が来なくても、列車運行の経費は中部電力持ちなのは変わらないから、観光列車化に失敗しても会社的には大きなダメージは無いという所かも。,ネガティブ
2026-06-22 12:40:56,中部電力,返信先:@fuku_sato1続）納得感のある運賃と言えますか？という話にもなるのですが、井川線の複雑なところは、ダム補償として敷設されてる側面から赤字分は中部電力が被ることになってます。敢えて大鉄がそこに手を出す必要は無かったりするんですね。,ネガティブ
2026-06-22 12:40:56,中部電力,昭和時代の愛知県名古屋市・栄にある「名古屋テレビ塔（現・中部電力 MIRAI TOWER）」と、整備当時の久屋大通公園の様子です。1954年に完成したこの塔は、日本初の集約電波鉄塔として知られています。 x.com/mugizou5656/st…,ニュートラル
2026-06-22 12:40:56,中部電力,返信先:@yokke_yokke名古屋港水族館(まつり先輩のおすすめ，日本で3箇所しかないシャチが居る水族館) 大須商店街(まつり先輩おすすめの団子屋あり) 中部電力ミライタワー(holoXコラボ経験あり) アーバンクア気持ちいい天然温泉ですかね。,ポジティブ
2026-06-22 12:40:56,中部電力,中部電力ミライズ&グリッドシェアジャパンによる、家庭向けのデマンドレスポンスサービス💡発電所規模に比べると、家庭規模は小さいけれど数が多く、上げDR下げDRで調整することで安定化が図れます🏠 miraiz.chuden.co.jp/info/press/121…,ポジティブ
2026-06-22 12:40:56,中部電力,6月24日のENECHANGE株主総会、 6月25日の中部電力株主総会に先立ち、 株主および報道各社のみなさまが会社側に具体的な事実確認を行えるよう、 昨年、私（@enesoukai）が作成し、ミライズエネチェンジ社へ提出した公益通報文書のマスク済み版をnoteで公開します。,ニュートラル
2026-06-22 12:40:56,中部電力,大井川鉄道による井川線の脱法値上げで赤字補填してやってんのにさらに運賃収入を大幅に削られキレた中部電力が地元に「地域輸送のために赤字補填して頑張ってきたけど鳥塚さん曰く地域輸送の役割はもう無い」って説明して大井川鉄道に井川線の施設を譲渡→単独維持できるわけも無く廃止 まで見えてる,ネガティブ
2026-06-22 12:40:56,中部電力,「運賃や料金名目だと運輸収入になるから中部電力に全額上納だけど、旅行商品だと総取りできる」って、航空屋上がりらしいライフハック理論ではあるけれど、それを運送引受義務のある軌道系交通機関に当てはめるってさあ…。また、中部にしてみたら売上機会の逸失になっている訳で、信義則の問題では。,ネガティブ
2026-06-22 12:40:56,中部電力,⚡ AI時代の電力需要拡大で、電力株が見直され始めています。 🔋 東京電力<9501> 🔋 関西電力<9503> 🔋 中部電力<9502> 🔋 北陸電力<9505> 🔋 電源開発<9513> もっと無料情報が知りたい方は、「88」の合言葉でDMくださいね。 #日本株 #電力株 #AI関連,ニュートラル
2026-06-22 12:40:56,中部電力,️あなたの注目株は？ 明日は月曜日ですよ️👀 それではすみれ株の確認してみましょう。 🩵日本電波工業（46万円） 🩵トリドールHD（35万円） 🩵ANA（29万円） 🩵中部電力（28万円） 🆕 ️🩵サンリオ(9万円) さてこちらが明日 どれくらい上がるのでしょうか 全て持っておりませんが🥺,ニュートラル
2026-06-22 12:40:56,中部電力,返信先:@mugizou5656昔はさぁ、ここもこんなんなのよ。愛知県名古屋市中区栄の久屋大通公園に立つ名古屋テレビ塔（現在の名称：中部電力 MIRAI TOWER）です。 昭和30年代〜40年代頃に撮影されたと思われるノスタルジックな古写真よね。 pic.x.com/L22XkS1XV1,ニュートラル
2026-06-22 12:40:56,中部電力,返信先:@coffee_100en所管官庁のやる気がないなら、利用者として民事訴訟提起や、中部電力の株買って物申す等すればいいのではないでしょうか？ この話、本質的には「地域活性化」と「住民の足の維持」で、概略では問題なく達成できていると思いますけどね。これでお客さん来ないなら、もうその地域は衰退するだけですし。,ネガティブ
2026-06-22 12:40:56,中部電力,[書いたよ] なぜ観光列車化か。社長に聞きました。ただ地域補償だと漫然と走らせるではなく、地域とともに観光に取り組みます。そして中部電力にも役立つアイデアも。長編ですが全部読んでほしいです。 大井川鐵道、井川線の観光列車化「値上げ」ではない…真意を聞いた news.mynavi.jp/article/202606…,ネガティブ
2026-06-22 12:40:56,中部電力,筆者が鳥塚に言いくるめられてるけど 中部電力「ダム建設に伴う地域輸送補償のために赤字でも井川線維持します」 大井川鉄道「地域住民乗ってません観光需要は脱法値上げで激減します」 っていう話なんやからじゃあ 中部電力「地元民も観光客も乗らないし赤字は拡大するし廃止で」 って普通ならん？ pic.x.com/ZgPubJgSmg,ネガティブ
2026-06-22 12:40:56,中部電力,返信先:@ChudenPowergrid中部電力ミライズのビジエネズミ🐭くんの防災ファンアートで応募しました✨✨✨ 白い防災リュック、おしゃれです❤これなら持ちたい！！ほ、ほしいです☆彡 家族が増えた分、あらためて防災グッズを見直す時が来ています。食糧まで含まれてるのも魅力ですね✨ pic.x.com/YsKCFscFoH,ポジティブ
2026-06-22 12:40:56,中部電力,おはようございます。 昨晩、私が、昨年ミライズエネチェンジ社へ提出した公益通報文書の個人名マスク済み版をnoteで公開しました。 6月24日にENECHANGE、6月25日に中部電力の株主総会が予定されているため、株主および報道各社が会社側に具体的な事実確認を行えるようにする趣旨です。 x.com/enesoukai/stat…,ニュートラル
2026-06-22 12:40:56,中部電力,【エンカ募集🗼】 初めてエンカ主催しますが、一緒に行ってくれる方を募集中です！ 参加してみたい方はリプかDMまでお願いします！ 初めての方もこの機会にぜひ✨ 【日時】7月25日(予定) 【場所】中部電力MIRAI TOWER 【内容】タワーに上って謎解きをしたり、一緒にご飯を食べたりなど x.com/Cloud9Tower/st…,ニュートラル
2026-06-22 12:40:56,中部電力,📢『CLOUD NINE』× 全国7か所のタワーコラボの 後半イラスト大公開🎊 名古屋・福岡・東京・京都では、 沼田ゾンビ!?がKV、ミニキャラを書き下ろし！ ▼ 開催期間 ☁️中部電力MIRAIタワー 7/18(土)～8/2(日) ☁️福岡タワー 7/24(金)～8/9(日) ☁️東京タワー 8/7(金)～9/23(水) ☁️ニデック京都タワー,ニュートラル
2026-06-22 12:40:56,中部電力,井川線の観光列車化、社長が旅行商品の形に拘ってたのはやはり中部電力との契約でしたか(全額上納だったのか)。 運輸収入全額を上納だから特別料金の上乗せではダメと。 運賃料金収入では中部電力に納めるが旅行商品はグループの旅行会社の収入になるから？という予想も当たらずとも遠からずか。 pic.x.com/u6Ul2RIqKv x.com/Skywave_JP/sta…,ネガティブ
2026-06-22 12:40:56,中部電力,6/21更新 🚃 インフラ・交通志望必見 サマーインターン締切まとめ 6/24 ・中部電力（5days） ・JERA（WORLD ENERGY SESSION） ・オリエンタルランド（5daysインターンシップ） 6/28 ・五洋建設（機電職／建築職／土木職／設備） ・東邦ガス（総合職／専任職） ・NEXCO中日本（5days／3days／1day） pic.x.com/T6q7TfsUmx,ニュートラル
2026-06-22 12:40:56,中部電力,中電シーティーアイ公式@Chuden_CTI,ニュートラル
2026-06-22 12:40:56,中部電力,返信先:@mugizou5656昨日も訪れた中電MIRAI TOWER。,ニュートラル
2026-06-22 12:40:56,中部電力,返信先:@MB80101459そして電力関係ない(株)中電という会社もあります(),ニュートラル
2026-06-22 12:40:56,中部電力,中電の停電情報でた このあたりは復旧？しているよう pic.x.com/CYRKkNow1S,ニュートラル
2026-06-22 12:40:56,中部電力,返信先:@Skywave_JP黒部峡谷鉄道のように中電が子会社をつくって運営する選択肢もあったんかなと。ただ中電は大井川鐵道への委託を選んだと。,ニュートラル
2026-06-22 12:40:56,中部電力,これは別に適切な比較じゃない？ 4ドアロングという意味ではJR東の中電の大体の車両も←だけど、JR西の場合は→だし x.com/kobeshimimbot/…,ニュートラル
2026-06-22 12:40:56,中部電力,ちなみに「感電」と打とうとすると一番最初の予測変換は「関電」になるので、私のスマホは関西製。 （住んでる地域は中電なのにw） x.com/abandoned_pet/…,ニュートラル
2026-06-22 12:40:56,中部電力,中電前→表町で見かけた不遇な多分神奈中古… のちにドレミで見かけますが、音声無しでただ走っているだけ。長岡団地行の車窓からは、柳川西手前のセブン前にて休憩していると。 pic.x.com/kZsinTnazn,ネガティブ
2026-06-22 12:40:56,中部電力,【お仕事告知】 15STYLE様からのご依頼で ・苺りなはむ様 ・中野電脳様 ・東京電脳様 ・電中電東様 4種類のおしながきテンプレートデザイン制作を担当させていただきました。 pic.x.com/R5Rhw1y1ku,ニュートラル
2026-06-22 12:40:56,中部電力,返信先:@fuku_sato1続）次に、そもそも論として、補償の側面もある路線なので、赤字分は現状、中電が負担するわけです。 その時点で、（大鉄から見た）損益の話からは外れると思うのですが。因みに放置し続けても、先に述べた理由から、現状と大きく変わらないことは予見されます。（続,ネガティブ
2026-06-22 12:40:56,中部電力,返信先:@deki602その場その場の対応だといつか破綻するのに、とは思います。趣味購入は定期購入者であっても定期利用者ではないとか言い様は有るでしょうに、赤字補填でカネにならないからサボってただけじゃないのと余計な反感まで買っている印象です。昔の中電ならそれも良しとしていたとしても今は流石に・・・。,ネガティブ
2026-06-22 12:40:56,中部電力,返信先:@deki602定期券の社員に関する部分ならでっち上げもできそうですが・・・。大鉄から見れば売っても利益にならず手間と時間の無駄ですから売りたくない。ただ中電がそれを良しとしているのか、個人事業主やバイトはどうするのか等、ツッコミ所が複数。井川まで普通運賃で乗れず、その説明も無くあかんかなと。,ネガティブ
2026-06-22 12:40:56,中部電力,【7日後開催】 #右デモ #脱原発 『6.29右から考える脱原発デモ』 日時：6月29日(月) 18:45集合/19:00出発 集合場所：京橋プラザ区民館横 経路：京橋プラザ→数寄屋橋→東電前→中電支社→関電支社→経産省→新橋SL広場→桜田公園 blog.livedoor.jp/migidemo/archi…,ニュートラル
2026-06-22 12:40:56,中部電力,イットちゃんです！ Udemy（ユーデミー）って知ってる？ 世界中で使われているオンラインの動画学習サービスで、プログラミングやAI、デザイン、ビジネススキルなど、いろんなことが学べるんだよね。 中電シーティーアイでは、このUdemyを全社員が利用できるようにしています！ pic.x.com/XEfPJPrHLO,ポジティブ
2026-06-22 12:40:56,九州電力,九州電力だけど九州に熊はいないからなぁ,ニュートラル
2026-06-22 12:40:56,九州電力,九州電力ならプレートの番号に地域法則性が,ニュートラル
2026-06-22 12:40:56,九州電力,昨日、停電の告知が多かったですね。九州電力送配電🤔 #ウェキ2,ネガティブ
2026-06-22 12:40:56,九州電力,返信先:@ito_44_3電力会社が九州電力で確定なのはなぜ？,ニュートラル
2026-06-22 12:40:56,九州電力,奴は九州電力と同じレベル x.com/ito_44_3/statu…,ネガティブ
2026-06-22 12:40:56,九州電力,鹿児島県西之表市の九州電力 種子島第一発電所 pic.x.com/ZspmNsTNHS,ニュートラル
2026-06-22 12:40:56,九州電力,返信先:@ito_44_3え、この人、2枚目の写真のくまモンを飛ばして九州電力って書いてあるの？,ニュートラル
2026-06-22 12:40:56,九州電力,リフレクターが九州電力管轄で見かけるやつじゃない気がする x.com/ito_44_3/statu…,ニュートラル
2026-06-22 12:40:56,九州電力,返信先:@azusa_hasou他1人九州に熊は出没しないので、それだと九州電力って特定すら間違ってる事になりますね。,ネガティブ
2026-06-22 12:40:56,九州電力,くまモン「ここ熊本です」 GeoGuessr勢「九州電力だから九州までは確定」 x.com/ito_44_3/statu…,ニュートラル
2026-06-22 12:40:56,九州電力,返信先:@ito_44_3待てよ？クマの絵があるということはクマが絶滅してる九州は候補から外れて九州電力はフェイクか！🤔🤔,ネガティブ
2026-06-22 12:40:56,九州電力,少なくとも九州一帯は支配領域だろうから、九州電力と同じ程度しか絞り込めないんじゃ? x.com/ito_44_3/statu…,ニュートラル
2026-06-22 12:40:56,九州電力,返信先:@tokyoAhehhdクラフティア本家とあんまり変わらんやんけ 1500億分を九州電力が持ってるから九州電力はやはりお得では?,ポジティブ
2026-06-22 12:40:56,九州電力,返信先:@ito_44_3くまモンを見て九州電力と確定したのかと思ったけど、男はくまモンを知らない感じ？ということはなにで九州電力だと思ったんだろ？,ニュートラル
2026-06-22 12:40:56,九州電力,返信先:@ito_44_3九州だから九州電力とは限らないけど、連系線は超えられないからなー、さすがにないか。 （東京で契約は北海道電力だったりはよくある）,ネガティブ
2026-06-22 12:40:56,九州電力,九州電力が個人情報を流出させたらしい … ソシャゲなら詫び石もんだぞ！！って最初に思うくらいにはソシャゲ脳になってる pic.x.com/wwl3YoONAa,ネガティブ
2026-06-22 12:40:56,九州電力,返信先:@Q6zBZ8zZlR78404他1人大体1機やない？ 人口違いすぎやろ 宮崎鹿児島以外の九州は九州電力系が広域連合のドクターヘリかあ 九州すら出来るのに関西はw,ネガティブ
2026-06-22 12:40:56,九州電力,くまもんが映ってるからじゃなくて電柱の形とか電気周りから九州電力判定したと思われる。 こういう人たち電柱でエリア特定してくるんだよね。 x.com/battery56/stat…,ニュートラル
2026-06-22 12:40:56,九州電力,電柱の形状で九州電力なのはわかってもくまモンは九州どころか日本全国に広まってるのでそれだけでは熊本県と断定できないとの事_(:3」z)_ x.com/kentaki_bfe3hu…,ネガティブ
2026-06-22 12:40:56,九州電力,返信先:@t_hiracchi初コメントありがとうございます😊 九州電力以外、未保有です・・・福岡県の会社だったら買わなきゃ！なんで、✅️しときます✨️ 情報ありがとうございます(^^),ポジティブ
2026-06-22 12:40:56,九州電力,返信先:@ito_44_3灯台下暗しww くまモン看板だらけでも九州電力の電柱見たら即「熊本！」ってなるの草 実際は福岡空港とか愛知とかでも普通にいるから侮れない😂 このパネル的確すぎて笑った,ポジティブ
2026-06-22 12:40:56,九州電力,返信先:@syukats24465169他1人子会社で有名な企業や電力を入れたら半分程度は大手に行けていましたね！私の学科では地元の九州電力はどこにも行けない人の最後の砦みたいな扱いだったので、、,ニュートラル
2026-06-22 12:40:56,九州電力,返信先:@ito_44_3GeoGuessr勢と一般人の差がすごいｗ 一般人「道路だ！」 GeoGuessr勢「九州電力エリアですね。平地が広いので〇〇県の可能性があります」 もう見てる世界が違う,ニュートラル
2026-06-22 12:40:56,九州電力,今月は間に合わなかっただけだよね？？ 来月には海外視察の特集をしてくれると信じてる。 追加で九州電力の流出問題にも触れてほしい。 #福岡県 #福岡県だより #福岡県議会 pic.x.com/LlvwkJPXg7,ネガティブ
2026-06-22 12:40:56,九州電力,返信先:@nttcocomo九州電力の電柱や鉄塔は台風対策で強固に作ってあるという話を何かで聞いたことがあります 何年か前 台風で関東地方の高圧鉄塔が倒壊した時に 九州電力の規格に切り替えて建て直したとかなんとか,ニュートラル
2026-06-22 12:40:56,九州電力,メダリストと小学生がスポーツ交流 福岡・久留米市のフェスタ｜【西日本新聞me】 #久留米市 #イベント #スポーツ #九州電力 #福岡 #Fukuoka nishinippon.co.jp/item/1505628/,ニュートラル
2026-06-22 12:40:56,九州電力,ん、どいいうこと？ なんでくまモンの存在スルーしてるんだ？ってことなん？ くまモンがいるから九州電力と確定したんちゃうんか? くまモンに気付いてないならどうして九州電力とわかるんだ？ x.com/ito_44_3/statu…,ネガティブ
2026-06-22 12:40:56,九州電力,返信先:@ito_44_3伊東さんのこの漫画、もし横で見てたら「いや左！デカいクマ！！」って画面割る勢いでツッコミ入れちゃいます😇二人して超真顔で九州電力だのマンホールだの言ってるの、高度な情報戦に脳を焼かれすぎた末路って感じで面白すぎる💦,ネガティブ
2026-06-22 12:40:56,九州電力,#九州電力 #玄界原発 #佐賀県玄海町が「核のごみ」処分場の文献調査受け入れ 佐藤和雄・「脱原発をめざす首長会議」事務局長 #週刊金曜日 kinyobi.co.jp/kinyobinews/20… 【記事】 pic.x.com/gSa2nYQxCb,ニュートラル
2026-06-22 12:40:56,九州電力,返信先:@twt_cybercat他1人はい、あのくまがヒントだよ！ 画像のくまのイラスト（くまモンっぽい看板）が場所を特定する大事な手がかりになってる。九州電力の範囲とか合わせて分析してる漫画で、「灯台下暗し」＝目の前の clues を見逃すなって例えだね😂,ニュートラル
2026-06-22 12:40:56,九州電力,"2026年6月分（27日間）で **3,302円** しかかからなかった😂 前月比-566円で、7月予想も3,658円らしい 九州電力さんありがとう…ってか俺の生活エコすぎる？？？ こんなに安い人いますか？？？ #節約 pic.x.com/nu7Gr8Y8Xi",ポジティブ
2026-06-22 12:40:56,九州電力,返信先:@ito_44_3「Geoguessrで場所特定と聞いて、『ゲームだっけ？』って言いながら、電柱とマンホールに全神経を注ぐその姿勢、むしろ本職の『地理探偵』。手がかりが少ないと嘆く前に、『九州電力』のロゴだけで長崎に絞るそのスキル、ゲームの域を超えてるよ。」,ネガティブ
2026-06-22 12:40:56,九州電力,「く◯モンさんがいる=熊本」とはならない。 ヤツの生息域の広さを舐めてわいけない…というか奴がいるから熊本とか思う奴は九州エアプ勢。九州電力とくま◯ンさんの勢力圏は概ね近しいからこれはGeoGuessr得意ニキの発言がが正しい。知らんけど。 x.com/ito_44_3/statu…,ネガティブ
2026-06-22 12:40:56,九州電力,九州に本社を置く上場企業 時価総額ランキング ※時価総額は変動するのであくまで今現在のランキング 1.安川電機(約1兆8500億円) 2.TOTO(約1兆3800億円) 3.ふくおかフィナンシャルグループ(約1兆3200億円) 4.九州電力(約7700億円) 5.クラフティア(約6700億円),ニュートラル
2026-06-22 12:40:56,九州電力,カツラを被って承認欲求を満たしているのではない カツラを被るコトで溢れ出す承認欲求を押さえつけているのだ 稀代の事業構想家 KTR51 #増毛 #育毛 #植毛 #カツラ #KTR51 #九州電力 #九電商友会 #西部ガス #西日本シティ銀行 #福岡銀行 #JR九州 #オリオエキサイト #カツラエキサイト,ニュートラル
2026-06-22 12:40:56,九州電力,【ES軽めで面接行きやすいインターン一覧】 サマーインターンうまくいってない人は寝る前に↓の①だけ頑張ってみて！ ES設問1個 みずほ銀行 九州電力 三菱UFJ信託銀行 損害保険ジャパン 設問少ない企業はAI使用のチェックも入れるので、後述する対策は必ずやってね pic.x.com/ewK7AqD3g8,ニュートラル
2026-06-22 12:40:56,九州電力,日頃より当団体の活動を多方面より支えてくださっている九州電力グループ様より、この度、未使用切手等およそ30万円相当のご寄付をいただきました。 この切手は、九州電力グループ様がグループ全体で取り組まれている「収集ボランティア」という社会貢献活動により集められたものです。 pic.x.com/DrnNLUwl8F,ポジティブ
2026-06-22 12:40:56,九州電力,━━━［SBL-SB1］━━━ SBL-SB1 茨城ラウンド2日目 2026.6.21 Sun ━━━━━━━━━━━━ 九州電力アーティサンズが富士通レッドウルブズを下して、開幕2連勝🔥 九州電力-富士通（78-59） #アンドバスケットボール #SBL #社会人バスケ #社会人 pic.x.com/he9P1XQuv2,ポジティブ
2026-06-22 12:40:56,九州電力,朗報‼️朗報‼️ データセンタールートが変わる👍 冷却が限界突破！AI熱問題で「液浸冷却」需要が爆発 需要爆発→株価急上昇→コストパフォーマンス爆上げ 資金はどこへ向かうか 冷却・液浸：福島小型メーカー 電力：九州電力／関西電力 重電：三菱電機 今年はマジで「億り人量産年」になるかも pic.x.com/XPJc5mnCO4,ポジティブ
2026-06-22 12:40:56,九州電力,返信先:@CAsiddhartha11他1人この画像の英語翻訳です！ 【1コマ】 女の子：画像から場所を特定するゲームだっけ？ 男：GeoGuessr得意な俺 【2コマ】 男：例えばこの画像だと… 【3コマ】 ここまでは確定 九州電力会社は あと…長崎は広いからなさそうだが 【4コマ】 電力会社は長崎ではなさそうだが 少々手がかりが少ないな,ニュートラル
2026-06-22 12:40:56,九州電力,青柳行信 九電本店前広場村長@aoyagi7,ニュートラル
2026-06-22 12:40:56,九州電力,にしてつわ…😭九電工と九電はいっちょでよかろうが💢,ネガティブ
2026-06-22 12:40:56,九州電力,返信先:@ito_44_3西日本全圏が活動範囲だから九電に絞れてるだけ幸運,ニュートラル
2026-06-22 12:40:56,九州電力,返信先:@kero_gami九電の範囲はだいたいくまモンこのくらいおるからなあ,ニュートラル
2026-06-22 12:40:56,九州電力,反射板が九電じゃない、四電になってる x.com/ito_44_3/statu…,ネガティブ
2026-06-22 12:40:56,九州電力,返信先:@OhaKeisuke他2人九州のどこかは特定できてないよ、電柱見て九電特定してる,ニュートラル
2026-06-22 12:40:56,九州電力,2コマ目の解像度で九電判定できるのか ワイにわかだったのでプレートと碍子でしか判断できないけど,ニュートラル
2026-06-22 12:40:56,九州電力,ヤツは九州中に居るから、 九電と同じぐらいの特定力しか無いぞ👀 x.com/ito_44_3/statu…,ニュートラル
2026-06-22 12:40:56,九州電力,返信先:@yu_waku_citizenえー、ヤツはそんなに広範囲にいるんだ…！ 九電レベルの特定力、それは心強いような、怖いような😂,ネガティブ
2026-06-22 12:40:56,九州電力,返信先:@ETERNALHART2バックランドを生観戦したのは80年12月9日の九電記念体育館のハンセン戦以来の約21年ぶりでしたよね。,ニュートラル
2026-06-22 12:40:56,九州電力,青柳行信です。２０２６年６月２２日(月)。 ☆原発止めよう！九電本店前広場第５５４４目。 544qmxbbs4gz.blog.fc2.com,ニュートラル
2026-06-22 12:40:56,九州電力,どうやって九電って特定したんだろ？ よく見ると確かに60Hz出てるな（幻視）（それだと三重県の一部地域の可能性も） x.com/ito_44_3/statu…,ニュートラル
2026-06-22 12:40:56,九州電力,青柳行信です。２０２６年６月２２日(月)。☆原発止めよう！九電本店前広場第５５４４目。 osariki.blog.fc2.com/blog-entry-557…,ニュートラル
2026-06-22 12:40:56,九州電力,九電のエリア<くまモンのエリア なので、九電のエリアと確定できた時点で、くまモンの有無はフィルタリングするのが合理的。 x.com/ito_44_3/statu…,ニュートラル
2026-06-22 12:40:56,九州電力,意 ・7月は九州で猛烈な暑さの予想 【地域・経済】 ・九電・西鉄・ふくおかFGなどが株主総会 ・熊本市新庁舎、事業費が最大1230億円に ・博多祇園山笠で「棒締め」実施 ・父の日に特産のバラをプレゼント,ポジティブ
2026-06-22 12:40:56,九州電力,返信先:@yu9_LTX最近、テレアポの電話の人にそれを言っています。 今日は九電のデータを元に、QTネット(ローマ人がCM担当)が何故かテレアポかけてきたので、歩合なのか？時給なのか？問うて、教えてもらいました。,ニュートラル
2026-06-22 12:40:56,九州電力,九電株主総会街宣／マイクアピールとスタンディング 2026/06/25（木） 08:30〜10:15 ホテルニューオータニ博多（福岡市中央区渡辺通1-1-2）の前の歩道 democalendar.jp/#demo-2618,ニュートラル
2026-06-22 12:40:56,九州電力,paypayカードは、今月から公共料金が0.5%に低下するけど、九電は1.0%のまま。。理由は分からないけどありがたい。 #paypayカード #ポイ活 pic.x.com/fu0XzmIk6p x.com/npesan_0123/st…,ポジティブ
2026-06-22 12:40:56,九州電力,東電 支えなきゃいけないインフラだとは思うけど 資本提携して 恩恵を受けようという会社が多い 電力余力鑑みて それほど電力余力で 優位ではないと思うんだよな 電力余力なら九電・北電だし 電力余力の恩恵でないとすれば 電力消費量だと思うんだよな 結果的に 値上げガンガンにならないか？ x.com/kazuo_ishikawa…,ネガティブ
2026-06-22 12:40:56,リボンエナジー,リボンエナジーからキャッシュバックがあるらしくお小遣いになった！ うれぴよ,ポジティブ
2026-06-22 12:40:56,リボンエナジー,返信先:@ichi88k私はリボンエナジーにしました！ 基本料金無料なので見てみてください！ 割引があるのでお得です！,ポジティブ
2026-06-22 12:40:56,リボンエナジー,インスタで流れてきたこの「比較サイト」の運営者情報を開いたらタイトルが「リボンエナジー比較LP」 denryoku-ranking.site,ニュートラル
2026-06-22 12:40:56,リボンエナジー,タダ電がタダではなくなった タダは18カ月まで 19カ月目以降は 基本料金560円/月 次候補は リボンエナジー オクトパスエナジー 楽天でんき #タダ電,ニュートラル
2026-06-22 12:40:56,リボンエナジー,"ループ電気からリボンエナジーに切り替えた！ なんせ5月の電気が58kwで3,200円取られたから… なんなら九州電力の方が安い いくらになるか楽しみですな",ポジティブ
2026-06-22 12:40:56,リボンエナジー,返信先:@5RMMpkwiSt47871リボンエナジー！恥ずかしながら初めて知りました！ なんか安そうに見えますね。検討してみます。ありがとうございます！,ポジティブ
2026-06-22 12:40:56,リボンエナジー,返信先:@yotaro_EXオクトパスにするかリボンエナジーにするか悩みどころですね… あとタダ電契約離れが加速するので、会社自体存続するのか？と思い始めました🤔笑,ニュートラル
2026-06-22 12:40:56,リボンエナジー,【新電力の極限節約】基本料金0円は本当？JAPAN電力やリボンエナジーを駆使した「電気代ゼロ化」の裏ワザ | 踏み倒しブログ share.google/R0trknC28Tf0So…,ニュートラル
2026-06-22 12:40:56,リボンエナジー,リボンエナジーの評判を調査｜電気料金は本当に安くなる？ 基本料金0円の仕組みと選び方 nice-collection.net/select/lifesty… #リボンエナジー #ナイコレセレクト,ポジティブ
2026-06-22 12:40:56,リボンエナジー,返信先:@machi_gsリボンエナジーのHP見て 燃料費調整額制だったっけ？ってなったけど 普通にウソつかれてるやん・・・ それだけで信用できないです pic.x.com/TazAadgG2D,ネガティブ
2026-06-22 12:40:56,リボンエナジー,リボンエナジーというものを教えていただいたが、こちらは市場連動型なんだな。費用感掴みづらく億劫に漢字部分もあるが・・・シンプルオクトパスと違って一年制限もなく基本料無料なので検討余地はありそう。,ポジティブ
2026-06-22 12:40:56,リボンエナジー,今、基本料がかからない電力会社は メジャーなとこだと オクトパスとタダ電ぐらい？ オクトパスは一年のみ無料 タダ電は来月から蓄電池などありは 基本料は、かかる感じ。 リボンエナジーとかどうなんだろ？,ネガティブ
2026-06-22 12:40:56,リボンエナジー,返信先:@machi_gsウチは3年以上、0円でんきを使用していますが、賢い人は契約時の特典に釣られず、みんな0円でんきにしてますよ。 リボンエナジーと楽天でんきは、他の単価がとても高いのでオススメできません。,ネガティブ
2026-06-22 12:40:56,リボンエナジー,自慢ですが、先月の電気代に1652円でした。 何が凄いって！契約アンペアが60Aなのに、この価格ってこと。 普通は基本料金だけで4000円は越える。 太陽光パネルつけてる家 いますぐ乗り換えして #リボンエナジー,ポジティブ
2026-06-22 12:40:56,リボンエナジー,"返信先:@iroirotoitoiリボンエナジー爆速お得でしたね🉐 実はその前のエネワン（ECナビで20,000P）も全く同じ条件で取り組んでて、リボンエナジーの申し込みタイミングもほぼ一緒で、運命感じてました🤣💡💡💡",ポジティブ
2026-06-22 12:40:56,リボンエナジー,返信先:@ichi88k広島です！！ 楽天でんきも迷いました！ ただ、電気代めちゃ安いのにポイント求めてしたらそんなに得ではないのかも！？と思いリボンエナジーにしました！ 単価はコレで大丈夫ですか？？ pic.x.com/BRZnNAIUlX,ニュートラル
2026-06-22 12:40:56,リボンエナジー,"【ポイ活】 💡リボンエナジー（14,000P）💡 （電気の乗り換え） 5/18申込み→5/22利用開始→5/29承認 …と噂には聞いてたけど、申込み〜承認まで爆速でした！ ポイントインカム経由で申し込みました🥰 pic.x.com/KIsShyBv2F",ポジティブ
2026-06-22 12:40:56,リボンエナジー,モッピーのリボンエナジーに電気変えたところ、わずか10日で承認されてワロタw 14000ポイント助かるー😃 まだの人は急ぎ案件ですぞ！ モッピー登録でさらに2000P！→ pc.moppy.jp/o.php?tag=3974… pic.x.com/KxHUsr4nvI,ポジティブ
2026-06-22 12:40:56,リボンエナジー,"今ならリボンエナジーに電気切り替えで💲14000もらえるよ〜‼️ 会員数1,400万人以上！ポイントサイト[モッピー]のオススメ広告をチェック★ pc.moppy.jp/entry/invite.p… #モッピー #moppy #お小遣い稼ぎ #ポイ活 #副業 #リボンエナジー",ポジティブ
2026-06-22 12:40:56,リボンエナジー,リボンエナジーですが、今月も出足こそ安かったけどジリジリと上がって昼間も夜中も”安くない！” AIで時間単価を操作されてる感が強い。要注意！ メリハリ無さ過ぎて、、、、、 様子見中ですがご検討中の方はご注意ください。 基本料金無いから差し引いても安くない！ #リボンエナジー要注意,ネガティブ
2026-06-22 12:40:56,リボンエナジー,うぅん、、、、、 🎀リボンエナジーの6月の電気代高い、、、、、 予想通りだが変動単価に翻弄されている、、、、、 ほぼほぼ安くない(高い)日が多く、安くなる時間帯が無い日も多い。他も上がってるかもしれないが正直メリットが全くない！🐙タコエナジーに変えようかな、、、 (￣▽￣;)💦💦💦,ネガティブ
2026-06-22 12:40:56,リボンエナジー,バグ並に安すぎないか？ オール電化です、、、！！ 使用料が少なくて太陽光パネルも付いてるとは言っても！ 賃貸の時のガス代＆電気代と比べたら2万円近く安い😂 ネット回線支払うようになったからそっちが掛かってるとは言ってもリボンエナジー様々🥹🙏🏻🎀⚡🔌 pic.x.com/Xv4Yue83dz,ポジティブ
2026-06-22 12:40:56,リボンエナジー,ちょっと待って リボンエナジーもう承認されたんだけど！！！ ネズ吉も最速で付いた♡⁠(⁠>⁠ ⁠ਊ⁠ ⁠<⁠)⁠♡ ちなみに二週間も経ってません😋 案件⏬️ #PR pointi.jp/contents/ad_in… pic.x.com/aitm1ZYNmm x.com/iroirotoitoi/s…,ポジティブ
2026-06-22 12:40:56,リボンエナジー,"タダ電の次候補 (買電実績でチャッピー試算) オクトパスの1年目8,000円を加味しても、 0円でんきよりも、 楽天でんきよりも、 大手電力よりも、 リボンエナジーが最安になった ほんとか？ #タダ電 #オクトパスエナジー #0円でんき #リボンエナジー #楽天でんき x.com/machi_gs/statu…",ポジティブ
2026-06-22 12:40:56,リボンエナジー,返信先:@5RMMpkwiSt47871よかった覚えてた！ｗいつもありがとうございますm(__)m 単価25円ほどならなかなか安いですね・・・！わざわざスクショまでありがとうございます！とても参考になります。期間縛りないのも好印象です。こりゃマジでシンプルオクトパスからのリボンエナジー、めっっっっっっっちゃありです！！！！,ポジティブ
2026-06-22 12:40:56,リボンエナジー,"⚡️リボンエナジー⚡️ 電気ポイ活、定期的にしています！ 今回は3ヶ月ぶり💡 エネワンでんき 取り組み当時はECナビから20,000pt →リボンエナジー ポイントインカムから 14,000pt＋ネズ吉376円分 マイホーム割やペット割など割引が豊富で魅力的だと思います！ 案件⏬️ pointi.jp/contents/ad_in…",ポジティブ
2026-06-22 12:40:56,リボンエナジー,【PR】リボンエナジー 新規供給開始で14000円！ オール電化プランもあるため申込してみました😊 オール電化限定で、3000円割引キャンペーン開催中です！ 案件 pointi.jp/contents/ad_in… ポイントインカム登録 sp.pointi.jp/p/?a=rbf881198… pic.x.com/FcPAgvKSn4,ポジティブ
2026-06-22 12:40:56,オクトパスエナジー,オクトパスエナジー紹介専用@tako_introduce,ニュートラル
2026-06-22 12:40:56,オクトパスエナジー,返信先:@coupon_rabbitオクトパスエナジーです👍,ポジティブ
2026-06-22 12:40:56,オクトパスエナジー,オクトパスエナジーつおい。ｷﾑ🦋@0_peaceman_010:31,ポジティブ
2026-06-22 12:40:56,オクトパスエナジー,saki_Tesla_一条_オクトパスエナジー紹介👩@teslamomy,ニュートラル
2026-06-22 12:40:56,オクトパスエナジー,ココ fit24 オクトパスエナジー 紹介コード配布中×リゾバ×旅@cocotabitabi,ニュートラル
2026-06-22 12:40:56,オクトパスエナジー,返信先:@recklessbone73みんなオクトパスエナジーを使おう〜🙌紹介使って8000円ずつゲットです✨,ポジティブ
2026-06-22 12:40:56,オクトパスエナジー,この紹介リンクを使ってオクトパスエナジーに申し込む octopusenergy.co.jp/friend/prudent…,ニュートラル
2026-06-22 12:40:56,オクトパスエナジー,この紹介リンクを使ってオクトパスエナジーに申し込む octopusenergy.co.jp/friend/plush-c…,ニュートラル
2026-06-22 12:40:56,オクトパスエナジー,ヤバい、オクトパスエナジーの話してたらインスタの広告がオクトパスエナジーだらけになってる🫪‼️ みんなオクトパスエナジーを使おう🐙🐙❗️,ネガティブ
2026-06-22 12:40:56,オクトパスエナジー,電力会社を乗り換える note.com/breezecf4/n/n6… #オクトパスエナジー #Loopでんき #楽天でんき #エネチェンジ,ニュートラル
2026-06-22 12:40:56,オクトパスエナジー,この紹介リンクを使ってオクトパスエナジーに申し込む よろしくお願いします。 octopusenergy.co.jp/friend/loved-h…,ポジティブ
2026-06-22 12:40:56,オクトパスエナジー,この紹介リンクを使ってオクトパスエナジーに申し込む 8000円分の電気代がもらえるよ octopusenergy.co.jp/friend/prudent…,ポジティブ
2026-06-22 12:40:56,オクトパスエナジー,オクトパスエナジーの紹介割リンク🔗貼っておきます！自由にどうぞ！ #オクトパスエナジー octopusenergy.co.jp/friend/fresh-t…,ニュートラル
2026-06-22 12:40:56,オクトパスエナジー,返信先:@at_a_okオクトパスエナジーお得ですよね🉐ぜひプロフのリンクからの登録でお互い8000円貰えます！使って下さい✨連絡いただければ追加のお礼もしています！ぜひ🙏,ポジティブ
2026-06-22 12:40:56,オクトパスエナジー,youtu.be/VAirvYIaLhA?si… 強みはエンジニアの内製化。 営業も増員して力を入れてます。 日本版オクトパスエナジー🐙になれるか!?と期待はしておりますが今は監視のみ。,ポジティブ
2026-06-22 12:40:56,オクトパスエナジー,"この紹介用URLからオクトパスエナジーに切り替えて、8,000円分のボーナスをゲットしよう！： octopusenergy.co.jp/friend/beige-q… #オクトパスエナジー",ポジティブ
2026-06-22 12:40:56,オクトパスエナジー,"この紹介用URLからオクトパスエナジーに切り替えて、8,000円分のボーナスをゲットしよう！： octopusenergy.co.jp/friend/lush-om… #オクトパスエナジー",ポジティブ
2026-06-22 12:40:56,オクトパスエナジー,"この紹介用URLからオクトパスエナジーに切り替えて、8,000円分のボーナスをゲットしよう！： octopusenergy.co.jp/friend/cheerfu… #オクトパスエナジー",ポジティブ
2026-06-22 12:40:56,オクトパスエナジー,"この紹介用URLからオクトパスエナジーに切り替えて、8,000円分のボーナスをゲットしよう！： octopusenergy.co.jp/friend/petite-… #オクトパスエナジー",ポジティブ
2026-06-22 12:40:56,オクトパスエナジー,"この紹介用URLからオクトパスエナジーに切り替えて、8,000円分のボーナスをゲットしよう！： octopusenergy.co.jp/friend/lemon-d… #オクトパスエナジー",ポジティブ
2026-06-22 12:40:56,オクトパスエナジー,オクトパスエナジーの都市ガスセットが1mmもお得でないばかりか、都市ガスのベビーユーザーは多くの場合高くなるので、セットにしたらいいことあると言う先入観は危険😓。 東京ガスもなかなかゲスい。,ネガティブ
2026-06-22 12:40:56,オクトパスエナジー,返信先:@chiro_1231オクトパスエナジー使ってます✨条件次第でかなり安くなると思います！紹介リンク使っていただければ8000円分お得になります！さらに連絡いただければもっとお得になるお礼も…ぜひご活用ください🙏,ポジティブ
2026-06-22 12:40:56,オクトパスエナジー,"この紹介用URLからオクトパスエナジーに切り替えて 8,000円分のボーナスをゲットしよう！ octopusenergy.co.jp/friend/petite-… #オクトパスエナジー pic.x.com/KogdPISzqL",ポジティブ
2026-06-22 12:40:56,オクトパスエナジー,"電気代、電気会社切り替え気になってる方どうぞ この紹介用URLからオクトパスエナジーに切り替えて、8,000円分のボーナスをゲットしよう！： octopusenergy.co.jp/friend/ore-bro… #オクトパスエナジー",ニュートラル
2026-06-22 12:40:56,オクトパスエナジー,"【PR】違約金・縛りなし！安心して使えるオクトパスエナジーがおすすめ✨ 信頼性の高いサービスを今ならお得にスタートできます。紹介特典で8,000円分のボーナスを受け取れるチャンスです！ octopusenergy.co.jp/friend/crisp-b…",ポジティブ
2026-06-22 12:40:56,オクトパスエナジー,オクトパスエナジー使ってるけど、月に1回じゃなくて1～2回請求来るの何なの🙄安い気はするけど集計期間が短いから安いだけな気がするから、オクトパスエナジーで検索してる人は即決はやめた方がいい！！！ しかも決まった日に請求じゃなくて結構バラバラだから几帳面な人は無理だと思う😣💦,ネガティブ
2026-06-22 12:40:56,オクトパスエナジー,"電気代下げたいなら電力会社の乗り換えが正解💡 オクトパスエナジーは再エネ100%で解約金も縛りもなし。 しかも今なら紹介特典で【8,000円分】の割引がもらえるボーナス期間中です🎁手続きもネット完結で超簡単。 8000円オフになるリンクはリプ欄へ👇 #オクトパスエナジー #節約",ポジティブ
2026-06-22 12:40:56,オクトパスエナジー,オクトパスエナジーに乗り換え 光熱費が少し安い もらった8000円を崩しながらエントリーボタンを押すだけ簡単キャンペーンに参加 電力代金から値引きになったり景品がもらえたり定期的に楽しいイベントが行われてる オクトパスエナジーを抜ける時違約金などはないので試しや繋ぎで登録するのも良いかも,ポジティブ
2026-06-22 12:40:56,オクトパスエナジー,私の腰、腰痛に続いてテレビも故障してしまいました…。 買い替えに数万円、リサイクル料で数千円…。 どうぞ御慈悲でオクトパスエナジーの招待リンクを使って下さい。。🐙 お互いに8000円引きになるんです！宜しくお願いします！🙇 octopusenergy.co.jp/friend/mint-ra…,ネガティブ
2026-06-22 12:40:56,オクトパスエナジー,"オクトパスエナジーのご紹介✨ 友達紹介の枠を使うと【8,000円分の割引】が自動で入ります。 普通に公式サイトから申し込むと損しちゃうので、これから切り替える方はぜひこのリンクを使って浮いたお金で美味しいもの食べてください…！ octopusenergy.co.jp/friend/topaz-s…",ポジティブ
2026-06-22 12:40:56,オクトパスエナジー,返信先:@at_a_okFF外より失礼します。 たまたま検索ででてきましたので... オクトパスエナジーに切り替えの際、よろしければ下記の紹介リンクをぜひお使いください。紹介割引で8000円がもらえますのでかなりお得になります。 octopusenergy.co.jp/friend/ebon-ma…,ポジティブ
2026-06-22 12:40:56,オクトパスエナジー,"オクトパスエナジーのご紹介✨ 友達紹介の枠を使うと【8,000円分の割引】が自動で入ります❤️‍🔥 普通に公式サイトから申し込むと損しちゃうので、これから切り替える方はぜひこのリンクを使って浮いたお金で美味しいもの食べてください…！octopusenergy.co.jp/friend/topaz-s…",ポジティブ
2026-06-22 12:40:56,オクトパスエナジー,"去年からオクトパスエナジーのオール電化プランに切り替えました😆先月の電気代は10290円。以前より安くなったように感じます！ この紹介用URLからオクトパスエナジーに切り替えると、8,000円分電気代が割引されます😆 octopusenergy.co.jp/friend/absurd-… #オクトパスエナジー",ポジティブ
2026-06-22 12:40:56,オクトパスエナジー,"電気代がおトクな電力会社 👉 オクトパスエナジー🐙 ⬇️紹介割引申込⬇️ octopusenergy.co.jp/friend/green-b… 🎁紹介利用で【8,000円割引】🈹 梅雨のジメジメ☔️ 暑い夏🌻＆台風シーズン🌀 エアコン24時間稼働で 電気代が気になる季節⚡️ さらに⚽️ワールドカップ深夜観戦📺🌍",ニュートラル
2026-06-22 12:40:56,オクトパスエナジー,"🐙オクトパスでんき🐙 紹介URLからオクトパスへのお申し込みで、8,000円の電気代割引をゲットできます🈹 オクトパス電気は料金設定もお得です🉐 紹介URL使って頂けると嬉しいです🥺 よろしくお願いします🙇‍♀️ octopusenergy.co.jp/friend/melon-g… #タコ友 #オクトパスエナジー #PR",ポジティブ
2026-06-22 12:40:56,オクトパスエナジー,"【⚡電気代が気になるあなたへ⚡】 🔥電気代がどんどん高くなってる今 💦家計への負担が増え続けてます… でもオクトパスエナジーなら🉐 新規契約で【8,000円割引】 ✅郵便番号を入れるだけで簡単に予想料金もわかります👇 こちらからチェック👉 bit.ly/4mHqHbj #PR #光熱費 pic.x.com/Opeq06fKDC",ニュートラル
2026-06-22 12:40:56,オクトパスエナジー,楽天電気が値上げしたのでオクトパスエナジーに乗換えました！URLから登録で8千円引き！よかったら使って下さい！紹介用URLから契約すると初回支払い完了後、アカウントに8千円が付与され、その後の電気料金に自動的に充当されます！自分はこれでほぼ2ヶ月タダでしたw octopusenergy.co.jp/friend/denim-t…,ポジティブ
2026-06-22 12:40:56,オクトパスエナジー,6月電気代💡オクトパスエナジー🐙 シンプルオクトパス請求482円💰売電22953円 一条工務店.太陽光.蓄電池.オール電化 🗒️インスタ投稿🗒️ instagram.com/p/DYou0W2kr6T/… 🔗紹介割引申込🔗 octopusenergy.co.jp/friend/green-b… pic.x.com/r1tNLGlXc2,ニュートラル
2026-06-22 12:40:56,オクトパスエナジー,オクトパスエナジーお友達紹介割の招待用URLです！ どなたでもお構いなく、ご自由にご利用ください✨ お友達紹介割を経由すると お安い電気料金から更に8000円引かれるのでお得です☆ - - - 紹介用URLから始めて8000円分のボーナスゲット！ octopusenergy.co.jp/friend/good-yo… #オクトパスエナジー,ポジティブ
2026-06-22 12:40:56,オクトパスエナジー,"💡電気代節約 「友達紹介ボーナス」が通常時の5,000円から8,000円に増額中です😁 電気代の還元で8,000円は大きいです✨ この機会にオクトパスエナジーを利用してみては？ いつでも解約できます。 このリンクからオクトパスに登録 octopusenergy.co.jp/friend/pearl-c… #オクトパスエナジー #でんき代節約",ポジティブ
2026-06-22 12:40:56,オクトパスエナジー,"梅雨から暑い夏のエアコンの季節に向け原油やガソリン値上げの燃料高騰の今‼️ 光熱費をお得にするなら👉オクトパスエナジー🐙 👨‍👩‍👧‍👦 子育て世帯家族、一人暮らし 💡 電気代節約 🌱 スマホから簡単切替 👇 お申し込みはこちら octopusenergy.co.jp/friend/green-b… 🎁 電力会社の乗り換えで紹介特典8,000円分付与💰",ポジティブ
2026-06-22 12:40:56,オクトパスエナジー,オクトパスエナジー紹介キャンペーン この紹介URLから申込みで8000円分の電力代金が貰える╰(･◡･╰) octopusenergy.co.jp/friend/ore-cro… テレビ東京 カンブリア宮殿にて放映 面白かったから機会があれば見てー@cambrian_palace 🗓️2026.1.8 電力会社乗り換え 電気代節約 #オクトパスエナジー #カンブリア宮殿,ポジティブ
2026-06-22 12:40:56,オクトパスエナジー,"／ 電気会社オクトパスエナジーのご紹介🉐 ＼ 現在ｷｬﾝﾍﾟｰﾝ開催中！ 紹介を受けて なんと8,000円割引して貰えます📣🎁 私も見積もりしたら、今の電気代より安くなったので、申込しました💡 ▼キャンペーンはこちらから octopusenergy.co.jp/friend/irritab… #オクトパスエナジー #紹介キャンペーン ad pic.x.com/4p2uJOLEgH x.com/peco_room/stat…",ポジティブ
2026-06-22 12:40:56,オクトパスエナジー,オクトパス電気のプラン変更ってどうやるの？,ニュートラル
2026-06-22 12:40:56,オクトパスエナジー,パスワード表示すると目そらすのかわいい〜 #オクトパス電気 pic.x.com/vZOK7CLwtI,ポジティブ
2026-06-22 12:40:56,オクトパスエナジー,ついに #タダ電 が「タダにならない電」に変わってしまうので、よその電力会社に移動しようかな 有料ならタダ電のメリットないし オクトパス電気だと電気料金どのくらいになるのか調べよう pic.x.com/rJYBxXT26j,ネガティブ
2026-06-22 12:40:56,オクトパスエナジー,電気代が三万円近く掛かっているので電気会社を調べてみました。 どの会社もシミュレーションすればだいたい同じでしたがオクトパス電気が毎月千円ほど下がるのがわかりました。これで行きます。 実家はソフトバンクでんきで家族割が効くので別居の私もケータイ代が千円安くなっています。,ポジティブ
2026-06-22 12:40:56,オクトパスエナジー,"スマホ1つで来月の電気代を「8,000円」浮かす方法。💡 🐙オクトパス電気への切り替えは、検針票の写メをアップするだけ。今の会社の解約手続きも工事の立ち会いも不要です。 私の紹介URLなら2回目の請求から自動割引。5分で終わる固定費削減👇 octopusenergy.co.jp/friend/glowing…",ニュートラル
2026-06-22 12:40:56,オクトパスエナジー,"5月最終日。スマホ1つで来月の電気代を「8,000円」浮かす方法。💡 🐙オクトパス電気への切り替えは検針票の写メをアップするだけ。今の会社の解約手続きも工事も不要です。 私の紹介URLなら2回目の請求から自動割引。5分で終わる固定費削減👇 octopusenergy.co.jp/friend/glowing…",ポジティブ
2026-06-22 12:40:56,オクトパスエナジー,"夏本番、エアコンで電気代が跳ね上がる前に。☀️ 🐙オクトパス電気に変えるだけで紹介特典【8,000円分】の割引確定。初期費用0円、解約金も縛りもないのでノーリスクです。今のうちに賢く仕組みを変えましょう👇 octopusenergy.co.jp/friend/glowing… #家計管理 #オクトパスエナジー",ポジティブ
2026-06-22 12:40:56,オクトパスエナジー,"スマホ1つで来月の電気代を「8,000円」浮かす方法。💡 🐙オクトパス電気への切り替えは、検針票の写メをアップするだけ。今の会社の解約手続きも工事の立ち会いも不要です。 私の紹介URLなら2回目の請求から自動割引。今週末の5分で終わる節約👇 octopusenergy.co.jp/friend/glowing…",ポジティブ
2026-06-22 12:40:56,オクトパスエナジー,"6月スタート。夏本番、エアコンで電気代が跳ね上がる前に。☀️ 🐙オクトパス電気への切り替えは検検針票の写メをアップするだけ。今の会社の解約手続きも工事の立ち会いも不要です。 私の紹介URLなら2回目の請求から【8,000円】自動割引。ここから👇 octopusenergy.co.jp/friend/glowing…",ニュートラル
2026-06-22 12:40:56,オクトパスエナジー,"日曜日の夜。スマホで来月の電気代を「8,000円」浮かす方法。💡 🐙オクトパス電気への切り替えは検針票の写メをアップするだけ。今の会社の解約不要＆工事なし。 紹介URLからで2回目の請求から自動割引です。5分で終わる固定費削減👇 octopusenergy.co.jp/friend/glowing… #節約 #固定費削減",ポジティブ
2026-06-22 12:40:56,オクトパスエナジー,"🐙オクトパスでんき🐙 紹介URLからオクトパスへのお申し込みで、8,000円の電気代割引をゲットできます🈹 オクトパス電気は料金設定もお得です🉐 紹介URL使って頂けると嬉しいです🥺 よろしくお願いします🙇‍♀️ octopusenergy.co.jp/friend/melon-g… #タコ友 #オクトパスエナジー #PR",ポジティブ
2026-06-22 12:40:56,オクトパスエナジー,オクトパス電気に切り替えて約1年3か月の実績 燃調・再エネを除いた単価は、だいたい想定通り。 ただし、税込の総支払額 ÷ 使用量で見ると、実質は28円/kWh前後でした。 やはり燃調・再エネ賦課金は地味に効きますね 「とにかく激安！」というより、実使用量で見て納得できる人向けだと思います pic.x.com/ySoEcIqcVi,ポジティブ
2026-06-22 12:40:56,オクトパスエナジー,"先月の電気代、紹介割ナシでナント3,800円代！7月からプラン変更して更に安くする予定！ せっかくなのでちょっとだけ宣伝。 #オクトパス電気 #紹介割リンク共有 ------ 紹介した人・紹介された人、双方とも8,000円割引きになる「紹介割」。 紹介割申込み用リンクはコチラ↓ octopusenergy.co.jp/friend/cliff-c…",ポジティブ
2026-06-22 12:40:56,looopでんき,Looop（ループ）／Looopでんき公式@Looop_denki,ニュートラル
2026-06-22 12:40:56,looopでんき,Looopでんきの紹介リンクシンプルすぎて😂 x.com/ayaaa_yz/statu…,ポジティブ
2026-06-22 12:40:56,looopでんき,Looopでんきが高くなってるのでオクトパスエナジーを検討中😭紹介割魅力だね(身近に利用してる人いないけど,ポジティブ
2026-06-22 12:40:56,looopでんき,Looopでんきがなんだかんだで一番安いですよ、乗り換えるなら今です ai9.jp/zarCRu #ループ友達,ポジティブ
2026-06-22 12:40:56,looopでんき,返信先:@poijirou左の画面に燃料費調整額は無いので、嘘ではない気がします… 昔のLooopでんきだった頃の計算方法に似てるかも,ニュートラル
2026-06-22 12:40:56,looopでんき,返信先:@masa_fk7太陽光パネル、載せてます。 Looopでんきも良さそうですね😳 自給自足の割合を算出して、検討してみます！🙌,ポジティブ
2026-06-22 12:40:56,looopでんき,おはループ～！🌞 LooopでんきのLooopのオフィスには、およそ160の鉢の植物があるんです！ pic.x.com/I2MZ0GspRV,ポジティブ
2026-06-22 12:40:56,looopでんき,どちらも、太陽（お天道様）が欠かせないでしょう！🌞 Looopでんきです！ ※テントウムシの由来は太陽（お天道様）に向かって飛んでいくから「天道虫」,ポジティブ
2026-06-22 12:40:56,looopでんき,エネピでループ電気（Looopでんき）を選ぶメリットは？市場連動プランの節約効果がある kousiburogu.com/2025/02/02/ene…,ポジティブ
2026-06-22 12:40:56,looopでんき,おはループ🌞 今日は #虫の日！🐞ということで、 テントウムシとかけまして、Looopでんきとときます。 その心は？ ※ヒント：テントウムシの名前の由来 1/2,ニュートラル
2026-06-22 12:40:56,looopでんき,切替の具体的手順と、Looopでんきが選ばれる理由を全部記事にまとめました。 申込は10分、立会いも工事もなしです。 ↓ note.com/jp_uitext_revi…,ポジティブ
2026-06-22 12:40:56,looopでんき,エネピでループ電気（Looopでんき）を選ぶメリットは？市場連動プランの節約効果があるkousiburogu.com/2025/02/02/ene… pic.x.com/VbgUcHBysH,ポジティブ
2026-06-22 12:40:56,looopでんき,エネピでループ電気（Looopでんき）を選ぶメリットは？市場連動プランの節約効果がある | 最安値の公式サイト ameblo.jp/cdj0852/entry-… #Amebaブログ #アメブロ,ポジティブ
2026-06-22 12:40:56,looopでんき,こちらからLooopでんきに申込すると紹介割引が適用されます😊 紹介する人とされる人がそれぞれ5ヶ月間、毎月の電気代が900円引きに！ ai9.jp/IsJNLO #電気代 #乗り換え #クーポン #コード,ポジティブ
2026-06-22 12:40:56,looopでんき,"今が狙い目 【電気乗り換えポイ活ランキング】 順位 電気会社 もらえるポイント 5位 東急でんき 8,000pt 4位 Vポイントでんき11,000pt 3位 Looopでんき 13,000pt 2位 楽天でんき 16,000pt 1位はこちら↓",ニュートラル
2026-06-22 12:40:56,looopでんき,オクトパスエナジーに契約変更🐙 6月1日の使用分から切り替わってます💡 電気料金明細届き次第、looopでんきと比較してみます‼️ 楽しみですねー😊 #節約 #電気代 #オクトパスエナジー #looopでんき pic.x.com/vy2gZo0Ase,ポジティブ
2026-06-22 12:40:56,looopでんき,【電気クイズ⚡】 梅雨の必須機能エアコンの「除湿」💧実はある現象を利用しています。 それは次のうちどれ？ ① 蒸発（水分を気化させる） ② 結露（水分を水滴にする） ③ 吸収（フィルターで吸い取る） 正解はリプライ欄でチェック！👇 #Looopでんき #梅雨,ニュートラル
2026-06-22 12:40:56,looopでんき,諸君、電気代を見直さぬまま2025年を過ごすのは損失である。 研究員が比較した3社の特徴はこうだ。 楽天でんき：楽天SPU対象・ポイント還元あり Looopでんき：基本料金ゼロ・従量型 ENEOSでんき：既存インフラ安心感 固定費削減の第一歩は「比較」から始まるのである。,ネガティブ
2026-06-22 12:40:56,looopでんき,"PR🎁📢 ▼案件 Looopでんき（ループでんき） ▼サイト モッピー ▼還元 ★13,000円★がキャッシュバック そして、プロフから飛んで登録すると もう【2,000円】獲得可能(※要件あり) ↓↓招待コード wkExe11c ぼちぼちやってる #げん玉 #リスクなし",ニュートラル
2026-06-22 12:40:56,looopでんき,もおおおおおおお一息ついたらDMCかねくだんの配信しようと思ってたのにlooopでんきのサポートがポンコツのせいで話全然通んなくてユーザーレベルを超えた検証しなくちゃいけなくてこんな時間だよ 実家のID持ってなきゃ永遠に「再読み込みと時間おいて試せ」から進まなくて詰んでたわ,ネガティブ
2026-06-22 12:40:56,looopでんき,この期に及んで実家のIDは100％通るし一度は入れた後が全然駄目だっつってんのに「他にそんな報告聞いた事無いんでお前の入力ミスだろ？」とかlooopでんきのサポートクソ過ぎ！ エラーメッセージ送ったしそこにリクエストIDも出てんだろせめてそんくらいの確認できるヤツが出て来い！,ネガティブ
2026-06-22 12:40:56,looopでんき,"【PR】 ■Looopでんき ■ポイントインカムを通すと ■🔥13,000円🔥ポイント獲得 ボーナスとして、プロフィールから入って登録すれば ボーナス【300円】(達成条件あり) ▶コード: rbf881571341 サブスクを増やしても気にならない #友達紹介キャンペーン #最新副業情報",ニュートラル
2026-06-22 12:40:56,looopでんき,"2025年は6,000円超えた月ない。真夏も6,200円くらい。 2026年に電気会社変えたら高くなって、2月請求が6,700円だったけど……。今また電力会社変えてるとこ。キャッシュバックに釣られて変えたけど、auでんき系列(Vポイントでんき)からLooopでんきに変えて結構高くなった気がする",ニュートラル
2026-06-22 12:40:56,looopでんき,タダ電が最低料金560円を新設 これにより無料で使うことは不可能になり、「タダ電」は名前倒れになりました Looopでんきも値上げしてるので乗り換えも厳しいです タダ電、電気代無料を終了 - 33老後セミリタイア sansan-rougo.hatenablog.com/entry/tadaden-…,ネガティブ
2026-06-22 12:40:56,looopでんき,"【PR】💰 電気代をもっとおトクに！【Looopでんき】 ────── モバレコを踏むと ❰3,750円❱ポイント獲得 さらに、コードを入れて登録すると 【1,000円】もらえます※詳細は要確認 ▼コード▼ LQIfCNrp59mg 詳細はプロフのリンク 見送ると後悔するやつ #話題沸騰 #卒業準備",ニュートラル
2026-06-22 12:40:56,looopでんき,"PR Looopでんきは、【ポイントインカム】を経由すると、 【13,000円】が還元される さらに、プロフの友達紹介のリンクから登録すると 【300円】もプレゼント🎁(※条件達成) ↓紹介コードはこちら↓ rbf881571341 無料で始めるためのお得な特典を確認 投資セミナー モッピー お金の教養",ポジティブ
2026-06-22 12:40:56,looopでんき,Looopでんきから乗り換えました💡 最初は不安だったけど、オクトパスエナジーにしてからは今のところ前より高くなった月はありません😊 電気代の見直しは大事だと実感しています。 紹介リンクから申し込むと 8000円割引になります🙇‍♂️ octopusenergy.co.jp/friend/petite-…,ポジティブ
2026-06-22 12:40:56,looopでんき,返信先:@yotaro_EX既契約も蓄電池ダメになるんですか。。 確かにタダ電＋蓄電池は最強でしたからね😅 乗り換え先として、 ・契約アンペア大きい（50A以上） ・月の買電が100kWh以下 ならlooopでんき、リミックスでんきの市場連動もありかと☺️買電量が多いならオクトパスエナジーすごく良いですよね🙆,ポジティブ
2026-06-22 12:40:56,looopでんき,"返信先:@shiromaru_siteポイント目当てで電力会社を選ぶ時、""料金プランの仕組み""を先に見るのが大事ですよね…！中にはLooopでんきのような市場連動型もあり、燃料高騰期はポイント還元分を電気代の値上がりが上回ることがある。還元率より先に固定単価か市場連動かを契約前に確認しておくのが失敗しないコツですよね🎯",ニュートラル
2026-06-22 12:40:56,looopでんき,先月から使い始めた、Looopでんき 思いのほか、安くならない💦 むしろ、関西電力の標準プランの方が安いかも。 Looop、基本料金が要るって聞いて無いし。基本料金とは呼ばなくても、毎月定額料金が要るのは、基本料でしょ。。。 関西電力管内は、他の会社でもあんまり安くならないらしいです。 pic.x.com/IVWgt5Iz4m,ネガティブ
2026-06-22 12:40:56,looopでんき,"3〜5位も狙い目✨ 3位 Looopでんき【13,000pt】 → 基本料金0円でシンプル設計 4位 Vポイントでんき【11,000pt】 → Vポイント経済圏の人に◎ 9,000pt +Vポイント2,000ptもらえる 5位 東急でんき【8,000pt】 → 東急沿線ユーザーと相性◎ pic.x.com/mI0X5Be4ht",ポジティブ
2026-06-22 12:40:56,looopでんき,梅雨のジメジメでエアコンが大活躍の季節☔️ 我が家は関電・楽天でんき・Looopでんきなどいろいろ比較して、オクトパスエナジーにしました😊 そのおかげで、電気代が少し安くなって無理なく節約できています◎ 8000円割引となる紹介コード 良かったら使ってください🙇‍♂️✨ octopusenergy.co.jp/friend/petite-…,ポジティブ
2026-06-22 12:40:56,looopでんき,正解は 「① 約300円」 ！ Looopでんきの試算によれば、一般的な扇風機を1日8時間使用しても、強風設定で約336円、弱風なら約114円に収まります。エアコンと上手く併用すれば、快適さを保ちながら電気代を大きく下げられますよ！ 詳しい計算方法や効果的な使い方はこちら👇 looop-denki.com/home/denkinavi… pic.x.com/jRokyxmf2j,ポジティブ
2026-06-22 12:40:56,looopでんき,"5月電気代💡オクトパスエナジー🐙 シンプルオクトパス請求🐙344円 💁インスタ詳細投稿⬇️ instagram.com/p/DV0jFD-krWm/… 💁紹介割引申込⬇️ octopusenergy.co.jp/friend/green-b… looopでんき,楽天でんき,東京ガス,ソフトバンクでんき,東京電力,タダ電等電力会社切替時に紹介利用で8000円割引付与🈹 pic.x.com/qLHpzoliBn",ニュートラル
2026-06-22 12:40:56,looopでんき,"電気代が安く暑い夏のエアコン代光熱費節約☀️ 👉オクトパスエナジー🐙 🔗紹介割引🔗 octopusenergy.co.jp/friend/green-b… タダ電,looopでんき,楽天でんき,東京ガス, ソフトバンクでん気等切替時に紹介で8000円付与🈹一条工務店や太陽光自家消費の家におすすめ🏠 ⬇️インスタタイアップ⬇️ instagram.com/p/DRvs_5yEpeZ/… pic.x.com/5JT7uEREh4",ニュートラル
2026-06-22 12:40:56,looopでんき,"オクトパスエナジー🐙 お得な特典があり電気代が安い電力会社💡 梅雨台風シーズン暑いエアコンの季節 ⬇️紹介割引申込⬇️ octopusenergy.co.jp/friend/green-b… looopでんき,ソフトバンクでんき,関西電力,楽天でんき,東京ガス,東京電力等切替時に利用で8000円割引🈹 🗒️インスタタイアップ🗒️ instagram.com/p/DRvs_5yEpeZ/… pic.x.com/2pQtv9s60G",ポジティブ
2026-06-22 12:40:56,looopでんき,"オクトパスエナジー🐙 特典があり電気代が安い電力会社💡 梅雨や夏に向け光熱費節約☀️ ⬇️紹介割引申込⬇️ octopusenergy.co.jp/friend/green-b… ソフトバンクでんき,looopでんき,タダ電,関西電力,楽天でんき,東京ガス,東京電力等切替時に紹介利用で8000円割引🈹 🗒️インスタタイアップ🗒️ instagram.com/p/DRvs_5yEpeZ/… pic.x.com/cbU0bPwkxj",ポジティブ
2026-06-22 12:40:56,looopでんき,"夏の暑いエアコンの季節に向けおすすめの電力会社👉 オクトパスエナジー🐙 🔗紹介割引申込⬇️ octopusenergy.co.jp/friend/green-b… 楽天でんき,ソフトバンクでんき,looopでんき,東京ガス,東京電力,タダ電,関西電力等切替時に紹介で電気代8000円割引付与🈹 🔗Instagramタイアップ投稿⬇️ instagram.com/p/DGc5CMjTXop/… pic.x.com/e6fnu2x6uP",ニュートラル
2026-06-22 12:40:56,looopでんき,"夏の暑いエアコンの季節に向けおすすめの電力会社👉 オクトパスエナジー🐙 🔗紹介割引申込⬇️ octopusenergy.co.jp/friend/green-b… 楽天でんき,ソフトバンクでんき,looopでんき,東京ガス,東京電力,タダ電,関西電力,等切替時に紹介で電気代8000円割引付与🈹 🔗Instagramタイアップ投稿⬇️ instagram.com/p/DGc5CMjTXop/… pic.x.com/0t004ify7B",ニュートラル
2026-06-22 12:40:56,looopでんき,"5月電気代💡オクトパスエナジー🐙 シンプルオクトパス請求344円💰売電21924円 一条工務店.太陽光.蓄電池.オール電化 🗒️インスタ投稿🗒️ instagram.com/p/DYou0W2kr6T/… 🔗紹介割引申込🔗 octopusenergy.co.jp/friend/green-b… looopでんき,ENEOSでんき,楽天でんき,東京ガス,関西電力,タダ電電力会社切替時に8000円割引🈹 pic.x.com/H4kOTBUj21",ニュートラル
2026-06-22 12:40:56,looopでんき,返信先:@reo369416616373他1人ループ電気w,ニュートラル
2026-06-22 12:40:56,looopでんき,何かループ電気みたいなところやった、調べたらだるそうなやつやん,ネガティブ
2026-06-22 12:40:56,looopでんき,返信先:@LiLiNo_Noループ電気_φ(･_･ ありがとうございます😊✨,ポジティブ
2026-06-22 12:40:56,looopでんき,ループ電気なんか高くなった 電力会社乗り換えようかな、今どこがいいんだろうか,ネガティブ
2026-06-22 12:40:56,looopでんき,名古屋市内 通常クソ運転 更に外国人運転 更にループ電気自転車 昔より更にカオス,ネガティブ
2026-06-22 12:40:56,looopでんき,ループ電気？とか使ってるやつおる？ なんか営業的なの来たけど圧倒的にキモくて話詰めたらきしょ目の対応されてマジで印象悪い。,ネガティブ
2026-06-22 12:40:56,looopでんき,ループ電気一人暮らしだと7000円くらいって書いてるけど毎月3万近く光熱費くるんだけど、 オール電化次は無いわ高い！ ループ電気,ネガティブ
2026-06-22 12:40:56,looopでんき,エネピでループ電気（Looopでんき）を選ぶメリットは？市場連動プランの節約効果がある kousiburogu.com/2025/02/02/ene…,ポジティブ
2026-06-22 12:40:56,looopでんき,ループ電気、修行終わり。 めちゃ大変、 家中の電気つけて、ヒーターもエアコンもつけて、なにやってるんやろうと何回も諦めかけたけど、なんとか200越えた。,ネガティブ
2026-06-22 12:40:56,looopでんき,"ループ電気からリボンエナジーに切り替えた！ なんせ5月の電気が58kwで3,200円取られたから… なんなら九州電力の方が安い いくらになるか楽しみですな",ポジティブ
2026-06-22 12:40:56,looopでんき,返信先:@mazdacx8xdsa既存の顧客も対象ってはっきり書かれてしまいましたからねー😭 ループ電気は直近の単価の記載がないのでシュミレーションしようがないんですよね😅,ネガティブ
2026-06-22 12:40:56,looopでんき,"モッピーのポイ活でループ電気やってて、利用2ヶ月目が200kw使用だったんだけど4kwだけ足らんかたった、、、 25,000Pがーーーーーー😭 pic.x.com/dnGDvEoDmo",ネガティブ
2026-06-22 12:40:56,looopでんき,エネピでループ電気（Looopでんき）を選ぶメリットは？市場連動プランの節約効果があるkousiburogu.com/2025/02/02/ene… pic.x.com/VbgUcHBysH,ポジティブ
2026-06-22 12:40:56,looopでんき,エネピでループ電気（Looopでんき）を選ぶメリットは？市場連動プランの節約効果がある | 最安値の公式サイト ameblo.jp/cdj0852/entry-… #Amebaブログ #アメブロ,ポジティブ
2026-06-22 12:40:56,looopでんき,ループ電気、正直だな。一人暮らしの場合ね。 １日のなかで変動するから安い時間帯に炊飯したり、12Vバッテリーに1日分のonuルータの電気を充電してしまえばそのまま直流で流せる。12Vコンバーター使ってるけど pic.x.com/h8wF5sB1yo,ニュートラル
2026-06-22 12:40:56,looopでんき,はてなブログに投稿しました 【2026年最新】ループ電気（Looopでんき）キャンペーン徹底解説！10周年特典で最大10万円お得になる申し込み方法とは？ - ディープレビュー deepreview.hatenablog.com/entry/2026/05/… #はてなブログ #ループ電気,ポジティブ
2026-06-22 12:40:56,looopでんき,テスラのためにループでんきからオクトパスエナジーに変える。アイミーブのときはセカンドカーだから不定期でよかったけど1台だと決まったタイミングで充電したいので。,ポジティブ
2026-06-22 12:40:56,looopでんき,返信先:@yoko4545_45カナートで5社くらい比較してくれるところがイベントできてて、うちはループでんきにしたんだけど、ここで聞いてみると自分で比較しなくていいよ💡 DMのところに送るね〜,ポジティブ
2026-06-22 12:40:56,looopでんき,返信先:@minamiashigara_神奈川県のポスターにあった、lLooopでんき（ループでんき）は、30分ごとに電気の単価が変わる市場連動型プラン「スマートタイムONE」のみを提供する新電力会社で、安いですよ！！ アプリでも、電力ピーク時間や割引がかなりされてます。,ポジティブ
2026-06-22 12:40:56,looopでんき,"PR🎁📢 ▼案件 Looopでんき（ループでんき） ▼サイト モッピー ▼還元 ★13,000円★がキャッシュバック そして、プロフから飛んで登録すると もう【2,000円】獲得可能(※要件あり) ↓↓招待コード wkExe11c ぼちぼちやってる #げん玉 #リスクなし",ニュートラル
2026-06-22 12:40:56,looopでんき,"PR ハピタスを使うなら→ Looopでんき（ループでんき）が 💰1,875円報酬がもらえる もうひとつ、プロフのリンク踏んで登録すると +【2,500円】※条件クリア要 紹介コード👉 HFKTTN キャッシュバックを使ってお得に暮らそう #ホワイトデー #英語学習アプリ節約",ポジティブ
2026-06-22 12:40:56,looopでんき,返信先:@Miura_MareiLoop電気オススメです,ポジティブ
2026-06-22 12:40:56,looopでんき,これがloop電気の現実だな。 電気会社の契約を変える事にした。 さよならloop電気。。。 pic.x.com/5m59odCcbm,ポジティブ
2026-06-22 12:40:56,looopでんき,Loop電気最高 マジで安いのと、分かりやすい。 しかも勝手にチケットくれて安くしてくれてる。 もっとユーザー増えて儲けさせてあげてくれ。もっとユーザーに還元してくれるから。,ポジティブ
2026-06-22 12:40:56,looopでんき,今まで所有物件全てをメジャーな電気会社にて契約していましたが、入居が決まるまでの電気代がかなり負担になってきているので(入居までの期間が長くなってしまっているため)、今回初めてLOOP電気に申し込み完了しました。 使い勝手、金額どんな感じになるかな？,ニュートラル
